ID,Edad ,Age,Gender,Municipalitie,Ecosystem,Community,Place,Reproduccion ,Associated,Abundace,Ene,Feb,Mar,Abr,May,Jun,Jul,Aug,Sep,Oct,Nov,Dec,Threats,Cotomaquilitl,Xoxoco,Pitzahuaquilitl,Xaxalto,Huitzioquilitl,Michiquilitl,Teposquilitl,Xoxoco1,Huaquilitlpoxahuac,Huaquilitlixtac,YamoleoTototlquilitl,Atetziltzi,Cayochoquilitl,Xoxoco2,Chichikquilitl,Index1,Index,Cotomaquilitl,Xoxoco_C,Pitzahuaquilitl_C,Xaxalto_C,Huitzioquilitl_C,Michiquilitl_C,Teposquilitl_C,Xoxoco1_C,Huaquilitl poxahuac_C,Huaquilitl ixtac_C,YamoleoTototlquilitl_C,Atetziltzi_C,Cayochoquilitl_C,Xoxoco2_C,Chichikquilitl_C,Observaciones_C
1,64,56-90,F,Tlaquilpa,Pine-oak forest,Pixcuahutla,Milpa,siembra,Milpa,Había más,0,0,0,0,1,1,0,0,0,0,0,0,Animales domesticos,0,1,0,0,0,0,0,0,1,1,0,0,0,0,1,4,26.7,0,1,0,0,0,0,0,0,1,1,0,0,0,0,1,Tomaquilitl
2,40,31-41,F,Tlaquilpa,Pine-oak forest,Pixcuahutla,Milpa,Regeneracion natural y siembra,Milpa,Había más,0,0,0,0,1,1,1,0,0,0,0,0,Uso de quimicos,0,0,0,0,0,0,0,0,0,0,0,0,0,0,1,1,6.7,0,0,1,0,0,0,0,0,1,1,0,0,1,0,1,0
3,33,31-41,F,Tlaquilpa,Pine-oak forest,Pixcuahutla,Monte,Regeneracion natural y siembra,Arboles y Arbustos ,Había más,0,0,0,0,0,1,1,0,0,0,0,0,Suelo infertil,0,0,1,0,1,0,0,0,1,1,0,0,0,0,0,4,26.7,0,0,1,0,1,0,0,0,1,1,0,0,0,0,1,0
4,87,56-90,F,Tlaquilpa,Pine-oak forest,Pixcuahutla,Milpa y Monte,Regeneracion natural ,Milpa y Arboles,Había más,0,0,1,1,1,0,0,0,0,0,0,0,Amnimales domesticos no se conservan las semillas,0,0,1,0,1,0,0,0,1,1,0,0,0,0,0,4,26.7,0,1,1,0,1,0,0,0,1,1,1,0,0,0,1,0
5,58,56-90,F,Tlaquilpa,Pine-oak forest,Pixcuahutla,Milpa,Regeneracion natural ,Milpa,Había más,0,0,0,0,0,0,1,1,0,0,0,0,Infertilidad del suelo ,0,0,1,0,1,0,0,0,1,1,0,0,0,0,0,4,26.7,0,1,1,0,1,0,0,0,1,1,0,0,0,0,1,0
6,67,56-90,M,Tlaquilpa,Pine-oak forest,Pixcuahutla,Milpa,Regeneracion natural ,Milpa,Sigue igual,1,1,1,0,0,0,0,0,0,0,0,0,Abandono del campo,0,1,0,0,0,0,0,0,1,1,0,0,0,0,0,3,20,0,1,0,0,0,1,0,0,1,1,1,1,0,1,0,0
7,56,56-90,F,Tlaquilpa,Pine-oak forest,Pixcuahutla,Milpa,Regeneracion natural ,Milpa,Había más,0,0,0,0,0,0,1,0,0,0,0,0,Uso de quimicos,0,1,1,0,0,0,0,0,1,1,0,0,0,0,0,4,26.7,0,1,1,0,0,0,0,0,1,1,0,0,0,0,1,0
8,37,31-41,M,Tlaquilpa,Pine-oak forest,Pixcuahutla,Milpa,Regeneracion natural y siembra,Milpa,Había más,0,0,0,0,0,1,1,0,0,0,0,0,Uso de quimicos,0,1,0,0,1,0,0,0,1,1,1,0,0,0,0,5,33.3,0,1,0,1,1,0,0,0,1,1,1,1,0,0,1,0
9,40,31-41,F,Tlaquilpa,Pine-oak forest,Pixcuahutla,Milpa,Regeneracion natural y siembra,Milpa,Había más,0,0,0,0,0,1,1,0,0,0,0,0,Abandono del campo,0,0,1,0,1,0,0,0,1,1,0,0,0,0,1,5,33.3,0,1,1,1,1,0,0,0,1,1,1,0,0,0,1,0
10,50,42-55,F,Tlaquilpa,Pine-oak forest,Pixcuahutla,Milpa,Regeneracion natural y siembra,Milpa,Había más,0,0,0,0,0,1,1,0,0,0,0,0,"Animales domesticos, abandono del campo",0,0,1,0,1,0,0,0,1,1,0,0,0,0,1,5,33.3,0,1,1,0,1,0,0,0,1,1,1,0,0,0,1,0
11,63,56-90,F,Tlaquilpa,Pine-oak forest,Pixcuahutla,Milpa,Siembra,"Milpa , haba",Había más,0,0,0,0,0,1,1,0,0,0,0,0,Uso de quimicos,0,0,0,0,1,0,0,0,1,1,0,0,0,0,0,3,20,0,1,1,0,1,0,0,0,1,1,0,0,0,0,1,0
12,15,18-30,F,Tlaquilpa,Pine-oak forest,Pixcuahutla,Milpa,Regeneracion natural ,Milpa,Había más,0,0,0,0,0,1,1,0,0,0,0,0,Uso de quimicos,0,0,0,0,0,0,0,0,1,1,0,0,0,0,0,2,13.3,0,1,1,1,0,0,0,0,1,1,1,0,0,0,0,0
13,53,42-55,F,Tlaquilpa,Pine-oak forest,Pixcuahutla,Milpa y acahual,Regeneracion natural y siembra,Milpa,Había más,0,0,0,0,1,1,0,0,0,0,0,0,Uso de quimicos,0,0,1,0,1,0,0,0,1,1,0,0,0,0,1,5,33.3,0,1,1,1,1,0,0,0,1,1,1,0,0,0,1,0
14,65,56-90,M,Tlaquilpa,Pine-oak forest,Pixcuahutla,Milpa y Monte,Regeneracion natural y siembra,Milpa,Había más,0,0,0,0,0,1,1,0,0,0,0,0,Animales domesticos ,0,1,0,0,0,0,0,0,1,1,0,0,0,0,1,4,26.7,0,1,0,1,0,0,0,0,1,1,1,0,0,0,1,0
15,50,42-55,M,Tlaquilpa,Pine-oak forest,Pixcuahutla,Milpa y Monte,Regeneracion natural y siembra,Milpa,Había más,0,0,0,0,0,1,1,1,0,0,0,0,Uso de quimicos,0,0,0,0,1,0,0,0,1,1,0,0,0,0,1,4,26.7,0,1,1,0,1,0,0,0,1,1,1,1,0,0,1,0
16,42,42-55,F,Tlaquilpa,Pine-oak forest,Pixcuahutla,Milpa y Monte,Regeneracion natural y siembra,Milpa,Había más,0,0,0,0,0,1,1,1,0,0,0,0,Uso de quimicos,0,0,1,0,1,0,0,0,1,1,0,0,0,0,1,5,33.3,0,1,1,0,1,0,0,0,1,1,1,0,0,0,1,0
17,42,42-55,F,Tlaquilpa,Pine-oak forest,Pixcuahutla,Milpa,Regeneracion natural y siembra,Milpa,Había más,0,0,0,0,0,1,1,1,0,0,0,0,Uso de quimicos,0,0,1,0,1,0,0,0,1,1,0,0,0,0,0,4,26.7,0,0,1,0,1,0,0,0,1,1,1,0,0,0,1,0
18,46,42-55,M,Tlaquilpa,Pine-oak forest,Pixcuahutla,"Monte, Acahual",Regeneracion natural,Milpa,Había más,0,0,0,0,1,1,1,0,0,0,0,0,"Animales domesticos, Uso de quimicos",0,1,1,0,1,0,0,0,1,1,0,0,0,0,0,5,33.3,0,1,1,0,1,0,0,0,1,1,1,1,0,0,0,0
19,64,56-90,F,Tlaquilpa,Pine-oak forest,Pixcuahutla,"Monte, Acahual",Regeneracion natural y siembra,Milpa,Había más,0,0,0,0,1,1,1,0,0,0,0,0,"Animales domesticos, Uso de quimicos",0,1,1,0,0,0,0,0,1,1,0,0,0,0,1,5,33.3,0,1,1,0,1,0,0,0,1,1,0,0,0,0,1,0
20,68,56-90,F,Tlaquilpa,Pine-oak forest,Pixcuahutla,"Monte, Acahual",Regeneracion natural y siembra,Milpa,Había más,0,0,0,0,1,1,1,0,0,0,0,0,Animales domesticos,0,0,0,0,1,0,0,0,1,1,0,0,0,0,0,3,20,0,1,1,0,1,1,0,0,1,1,1,0,0,0,1,0
21,32,31-41,F,Los Reyes,Montane cloud forest,Atlanca ,"milpa, huerto",siembra,"milpa, hortalizas ",Había más,0,0,0,1,1,1,1,0,0,0,0,0,No valoran los quelites y los cortan sin darles algún uso  ,1,1,0,0,1,0,0,0,1,1,1,0,0,0,1,7,46.7,1,1,1,1,1,1,0,1,1,1,1,1,1,1,1,0
22,28,18-30,M,Los Reyes,Montane cloud forest,Atlanca,"milpa, cafetal",siembra,"milpa, café",Había más,0,0,0,0,0,1,1,1,0,0,0,0,Los chapeos y los animales domésticos,1,0,0,0,1,0,0,0,1,1,0,0,0,0,1,5,33.3,1,1,1,0,1,1,0,1,1,1,1,1,0,0,1,"cojoquilitl, macuilquilitl"
23,35,31-41,F,Los Reyes,Montane cloud forest,Atlanca,monte,regeneración natural,"elites, lengua de vaca etc.",Había más,0,0,0,0,0,0,1,0,0,0,0,0,Animales domésticos ,0,0,1,0,1,0,0,0,0,1,0,1,0,0,0,4,26.7,0,1,1,1,1,0,0,1,1,1,1,1,0,0,1,0
24,67,56-90,F,Los Reyes,Montane cloud forest,Atlanca,cafetal,"siembran , regeneración natural",café,Había más,0,0,0,0,0,0,1,1,0,0,0,0,Cambios climáticos y los animales domésticos. ,0,0,1,0,1,0,0,0,1,1,0,0,0,0,1,5,33.3,0,1,1,1,1,0,0,0,0,1,1,1,1,0,1,0
25,35,31-41,F,Los Reyes,Montane cloud forest,Atlanca ,"milpa, monte, traspatio","regeneración natural, siembra ",milpa,Había más,0,0,0,0,0,1,1,0,0,0,0,0,Animales domésticos ,0,0,1,0,0,0,0,0,1,1,0,0,0,0,1,4,26.7,1,1,1,1,0,1,0,1,1,1,0,1,1,1,1,0
26,40,31-41,M,Los Reyes,Montane cloud forest,Atlanca,cultivos de traspatio,siembra,hortalizas ,Había más,0,0,0,0,0,1,1,0,0,0,0,0,"No lo siembran, sin manejo   ",1,0,1,1,0,1,0,0,1,0,1,0,0,0,1,7,46.7,1,0,1,1,0,1,0,0,1,0,1,0,1,0,1,0
27,33,31-41,M,Los Reyes,Montane cloud forest,Atlanca,"cafetal, huerto",siembra,"café, cultivos de traspatio",Había más,0,0,0,0,1,1,1,0,0,0,0,0,Animales domésticos ,0,0,1,0,0,0,0,0,1,1,0,1,0,0,1,5,33.3,1,1,1,1,1,0,1,1,1,1,1,1,0,1,1,0
28,57,56-90,F,Los Reyes,Montane cloud forest,Atlanca,"milpa, huerto","siembra , regeneración natural",milpa,Había más,0,0,0,0,1,1,1,0,0,0,0,0,No lo siembran,0,0,1,0,0,0,0,0,1,1,0,0,0,0,1,4,26.7,1,1,1,1,1,0,1,0,1,1,1,1,0,0,1,0
29,55,42-55,M,Los Reyes,Montane cloud forest,Atlanca,"milpa, cafetal",regeneración natural,"milpa, café",No sabe,0,0,0,0,1,1,0,0,0,0,0,0,Desinterés en el cultivo de los quelites,1,0,1,0,0,0,0,0,1,1,0,0,0,0,1,5,33.3,1,1,1,1,1,1,0,1,1,1,1,1,0,1,1,0
30,58,56-90,M,Los Reyes,Montane cloud forest,Atlanca,cafetal,regeneración natural,café,Había más,0,0,0,1,1,1,1,1,0,0,0,0,"Cambios en la alimentación, productos embutidos, perdida de respeto asía la naturaleza, globalización   ",1,0,1,1,1,1,0,0,1,1,0,0,0,0,1,8,53.3,1,1,0,1,1,1,0,1,1,1,1,1,0,0,1,"macuilquilitl, xoxocolengua"
31,80,56-90,M,Los Reyes,Montane cloud forest,Atlanca,"milpa, cafetal","siembra, regeneración natural","milpa, café",Había más,0,0,0,0,0,1,1,0,0,0,0,0,Cambios climáticos,0,0,1,0,1,0,0,0,0,0,0,0,0,0,1,3,20,1,1,1,1,1,1,0,1,1,1,1,1,1,0,1,0
32,70,56-90,M,Los Reyes,Montane cloud forest,Atlanca,"milpa, cafetal, monte","regeneración natural, siembra ","milpa, café",Había más,0,0,0,0,1,1,1,1,0,0,0,0,"No se consumen, falta de interés, animales domésticos",1,0,1,0,1,1,1,0,1,1,0,1,0,0,1,9,60,1,1,1,1,1,1,1,1,1,1,1,1,1,1,1,macuilquilitl
33,46,42-55,M,Los Reyes,Montane cloud forest,Atlanca,"milpa, cafetal, monte","siembra , regeneración natural","café, milpa",Había más,0,0,0,1,1,1,1,1,0,0,0,0,"Falta de interés, animales domésticos ",1,0,1,1,1,1,0,1,1,1,0,1,0,0,1,10,66.7,1,1,1,1,1,1,0,1,1,1,1,1,1,1,1,0
34,40,31-41,F,Los Reyes,Montane cloud forest,Atlanca,"milpa, cafetal",regeneración natural,"milpa, café",Había más,0,0,0,0,1,1,1,1,0,0,0,0,"ya no distribuyen las semillas, animales domesticos",1,1,1,1,1,1,1,1,1,1,1,0,0,0,1,12,80,1,1,1,1,1,1,1,1,1,1,1,1,1,1,1,0
35,58,56-90,M,Los Reyes,Montane cloud forest,Atlanca,"milpa, cafetal, traspatio",regeneración natural,"café, milpa",Había más,0,0,0,0,1,1,1,0,0,0,0,0,"Cambios en la alimentación, falta de interés",1,0,1,1,1,0,0,1,1,1,1,1,0,0,1,10,66.7,1,1,1,1,1,1,0,1,1,1,1,1,0,0,1,0
36,21,18-30,M,Los Reyes,Montane cloud forest,Atlanca,"milpa, cafetal","regeneración natural, siembra ","milpa, café",Había más,0,0,0,0,1,1,1,0,0,0,0,0,no hay un manejo ,0,0,1,0,1,1,0,0,1,1,0,1,0,0,1,7,46.7,1,1,1,0,1,1,0,1,1,1,1,1,0,1,1,0
37,33,31-41,F,Los Reyes,Montane cloud forest,Atlanca,"milpa, cafetal, monte",regenereción natural,"café, milpa",Sigue igual,0,0,0,0,1,1,1,0,0,0,0,0,"no hay un manejo adecuado, animales domesticos",1,0,1,0,0,0,0,0,1,1,0,1,0,0,1,6,40,1,1,1,1,1,1,0,0,1,1,1,1,0,1,1,0
38,50,42-55,F,Los Reyes,Montane cloud forest,Atlanca,"milpa, cafetal, monte, huerto",siembra,"café, hortalizas, milpa",Había más,0,0,0,0,1,1,1,0,0,0,0,0,Animales domésticos ,1,0,1,0,1,0,0,0,1,1,1,0,0,0,1,7,46.7,1,1,1,1,1,0,0,1,1,1,1,1,0,0,1,0
39,46,42-55,F,Los Reyes,Montane cloud forest,Atlanca,"milpa, cafetal",siembra,"café, milpa",Había más,0,0,0,0,1,1,1,1,0,0,0,0,"plagas, no siembrán",0,0,1,0,1,0,0,0,1,1,0,1,0,0,1,6,40,1,1,1,1,1,1,0,1,1,0,1,1,0,1,1,0
40,37,31-41,M,Los Reyes,Montane cloud forest,Atlanca,"milpa, cafetal, monte","regeneración natural, siembra ","café, milpa",Había más,0,0,0,0,1,1,1,1,0,0,0,0,"abandono de fincas, la aculturación ",1,1,1,0,1,0,0,1,1,1,0,1,0,1,1,10,66.7,1,1,1,1,1,1,0,1,1,1,1,1,1,1,1,0
41,59,56-90,F,Tequila,Pine-oak forest,Zacatlamanca 2,"Milpa,monte",Siembra,Milpa,Había más,0,0,0,0,1,1,1,0,0,0,0,0,Cambio climatico y animales,1,0,1,0,1,0,0,1,1,1,0,0,0,0,0,6,40,1,1,1,0,1,0,0,1,1,1,1,1,0,1,1,0
42,32,31-41,M,Tequila,Pine-oak forest,Zacatlamanca 2,"Milpa,monte",Siembra y regeneracion,Milpa y arbusto,Había más,0,0,0,0,0,1,1,0,0,0,0,0,No se siembra y uso de quimicos,0,0,0,0,0,0,0,0,1,1,0,1,0,0,1,4,26.7,0,1,0,0,1,0,0,1,1,1,1,1,0,1,1,0
43,60,56-90,F,Tequila,Pine-oak forest,Zacatlamanca 2,Monte,Regenerativa,Arboles y arbustos,Había más,0,0,0,0,0,1,1,0,0,0,0,0,No se le da un manejo,1,0,1,0,0,0,0,0,1,1,1,0,0,0,1,6,40,1,0,1,1,0,0,0,0,1,1,1,1,0,0,1,Macuilquilitl
44,54,42-55,F,Tequila,Pine-oak forest,Zacatlamanca 2,Traspatio,Siembra y regeneracion,Hortalizas,Sigue igual,0,0,0,0,1,1,1,0,0,0,0,0,No se siembra y emigracion,1,1,1,1,1,0,1,1,1,0,1,0,0,1,1,11,73.3,1,1,1,1,1,1,0,1,1,1,1,1,0,1,1,0
45,32,31-41,M,Tequila,Pine-oak forest,Zacatlamanca 2,"Milpa,monte",Siembra y regeneracion,Milpa,Sigue igual,0,0,0,0,1,1,1,0,0,0,0,0,Cambio en la alimentacion,1,0,0,0,1,0,0,0,1,1,0,1,0,0,0,5,33.3,1,1,1,1,1,0,0,1,1,1,1,1,1,1,1,0
46,40,31-41,M,Tequila,Pine-oak forest,Zacatlamanca 2,"Milpa,monte",Regenerativa,"Milpa,monte",Sigue igual,0,0,0,0,1,1,1,0,0,0,0,0,Cambio en la alimentacion,0,0,1,0,1,0,0,0,0,1,1,0,0,0,0,4,26.7,1,1,1,1,1,1,0,1,1,1,1,1,1,1,1,Cucuquilitl
47,44,42-55,F,Tequila,Pine-oak forest,Zacatlamanca 2,"Milpa,monte",Siembra y regeneracion,Milpa,Había más,0,0,0,0,0,1,1,0,0,0,0,0,Cmbio en la alimentacion y animales,1,0,1,0,0,0,0,0,0,1,1,1,0,0,0,5,33.3,1,1,1,1,1,1,0,1,0,1,1,1,0,1,1,Xochiquilitl
48,33,31-41,M,Tequila,Pine-oak forest,Zacatlamanca 2,"Milpa,monte",Siembra y regeneracion,Milpa,Había más,0,0,0,0,1,1,1,0,0,0,0,0,Cambio climatico y uso de quimicos,1,0,1,0,1,0,0,0,1,1,1,1,0,1,1,9,60,1,1,1,1,1,0,0,1,1,1,1,1,0,1,1,0
49,59,56-90,F,Tequila,Pine-oak forest,Zacatlamanca 2,"Milpa, cafetal",Regenerativa,Milpa y café,Sigue igual,0,0,0,0,1,1,1,0,0,0,0,0,No se siembra,1,0,1,1,0,0,0,1,1,1,1,0,0,0,1,8,53.3,1,1,1,1,1,1,0,1,1,1,1,1,0,1,1,0
50,26,18-30,F,Tequila,Pine-oak forest,Zacatlamanca 2,Compra,,,Había más,0,0,0,0,0,1,1,1,0,0,0,0,No se siembra,1,0,1,0,0,0,0,1,1,0,1,0,0,0,0,5,33.3,1,1,1,1,1,0,0,1,1,1,1,1,0,1,1,0
51,59,56-90,M,Tequila,Pine-oak forest,Zacatlamanca 2,Milpa y compra,Siembra y regeneracion,Milpa,Sigue igual,0,0,0,0,0,1,1,1,0,0,0,0,No se siembra y animales,1,1,1,0,0,0,0,0,1,1,1,0,0,0,0,6,40,1,1,1,1,1,1,0,1,1,1,1,1,0,0,1,"Cucujquilitl,macuilquilitl"
52,44,42-55,F,Tequila,Pine-oak forest,Zacatlamanca 2,"Milpa,traspatio",Siembra y regeneracion,"Flores,milpa y arboles frutales",Había más,0,0,0,0,0,1,1,0,0,0,0,0,No se siembra y cambio en la alimentacion,1,0,1,1,1,0,0,0,1,1,0,1,0,0,1,8,53.3,1,1,1,1,1,1,0,1,1,1,1,1,1,1,1,0
53,35,31-41,F,Tequila,Pine-oak forest,Zacatlamanca 2,"Milpa,monte",Siembra,"Flores,milpa y arboles frutales",Había más,0,0,0,0,0,1,1,0,0,0,0,0,No se le da un manejo,1,0,1,0,1,0,0,0,1,1,1,0,0,0,1,7,46.7,1,1,1,1,1,1,0,1,1,1,1,1,0,1,1,0
54,18,18-30,M,Tequila,Pine-oak forest,Zacatlamanca 2,Milpa,Siembra y regeneracion,Milpa,Había más,0,0,0,0,0,1,1,0,0,0,0,0,No se siembra,0,0,0,0,0,1,0,0,0,1,1,0,0,0,0,3,20,0,1,0,0,1,0,0,1,1,1,0,0,0,1,1,0
55,73,56-90,M,Tequila,Pine-oak forest,Zacatlamanca 2,"Milpa,cafetal y monte",Siembra y regeneracion,Milpa,Había más,0,0,0,0,1,1,1,1,0,0,0,0,Cambio en la alimentacion,1,0,1,1,1,0,0,0,1,1,1,1,1,1,1,11,73.3,1,1,1,1,1,1,1,1,1,1,1,1,1,1,1,0
56,68,56-90,F,Tequila,Pine-oak forest,Zacatlamanca 2,"Milpa,monte",Siembra y regeneracion,Milpa,Había más,0,0,0,0,1,1,1,1,0,0,0,0,No se siembra y cambio en la alimentacion,1,0,1,0,1,0,0,0,1,1,0,1,0,0,1,7,46.7,1,1,1,1,1,1,0,1,1,1,1,1,0,1,1,0
57,16,18-30,F,Tequila,Pine-oak forest,Zacatlamanca 2,Traspatio,Siembra,Flore y hortalizas,Había más,0,0,0,0,0,1,1,0,0,0,0,0,No se siembra,0,0,1,0,1,0,0,0,1,1,1,0,0,0,0,5,33.3,1,0,1,0,1,0,0,0,1,1,1,0,0,0,1,0
58,36,31-41,F,Tequila,Pine-oak forest,Zacatlamanca 2,Milpa,Regenerativa,Milpa,Había más,0,0,0,0,0,1,1,0,0,0,0,0,No se le da un manejo y animales,1,0,0,0,1,0,0,0,1,1,1,1,0,0,0,6,40,1,1,1,0,1,0,0,0,1,1,1,1,0,0,1,0
59,19,18-30,F,Tequila,Pine-oak forest,Zacatlamanca 2,Traspatio,Siembra,Flores y hortalizas,Había más,0,0,0,0,0,1,1,0,0,0,0,0,No se siembra,0,0,0,0,1,0,0,0,1,1,0,0,0,0,0,3,20,0,0,0,0,1,0,0,0,1,1,0,0,0,0,0,0
60,27,18-30,F,Tequila,Pine-oak forest,Zacatlamanca 2,"Milpa,cafetal y monte",Siembra,Milpa,Sigue igual,0,0,0,0,0,1,1,0,0,0,0,0,Desconoce,0,0,0,0,1,0,0,0,1,1,0,0,0,0,0,3,20,1,0,1,0,1,0,0,1,1,1,1,0,0,0,1,0
61,34,31-41,F,Zongolica,Montane cloud forest,Coapa Pinopa,"Milpa, Cafetal",Regeneración natural,"Café, Maiz",Había más,0,0,0,0,1,1,1,1,0,0,0,0,No se da manejo adecuado,1,1,1,1,1,1,1,1,1,1,1,0,1,1,1,14,93.3,1,1,1,1,1,1,1,1,1,1,1,0,1,1,1,0
62,46,42-55,F,Zongolica,Montane cloud forest,Coapa Pinopa,"Milpa, Cafetal",Regeneració natural y siembra,"Café, Maiz",Había más,0,0,0,0,0,1,1,1,0,0,0,0,No se da manejo adecuado,1,0,0,0,0,1,0,0,1,1,0,0,0,0,1,5,33.3,1,1,1,1,1,1,1,1,1,1,1,1,0,1,1,0
63,29,18-30,M,Zongolica,Montane cloud forest,Coapa Pinopa,Cafetal,Regeneración natural y siembra,"Café, Maiz",Había más,0,0,0,0,1,1,1,1,1,1,0,0,No se da manejo adecuado,1,0,1,0,1,0,0,0,1,1,0,0,0,0,1,6,40,1,1,1,1,1,1,1,1,1,1,0,1,0,1,1,0
64,34,31-41,M,Zongolica,Montane cloud forest,Coapa Pinopa,Cafetal,Regeneración natural y siembra,"Café, Maiz",Había más,0,0,0,0,1,1,1,1,1,0,0,0,No se da manejo adecuado,1,0,1,0,1,0,0,0,1,1,0,0,0,0,1,6,40,1,1,1,1,1,1,1,1,1,1,0,1,0,1,1,0
65,32,31-41,F,Zongolica,Montane cloud forest,Coapa Pinopa,"Cafetal, traspatio",Regeneración natural y siembra,"Café, Maiz",Había más,0,0,0,0,0,1,1,1,0,0,0,0,No se da manejo adecuado,1,0,1,0,0,0,0,0,1,1,0,0,0,0,1,5,33.3,1,1,1,0,1,1,1,1,1,1,0,1,0,1,1,0
66,40,31-41,M,Zongolica,Montane cloud forest,Coapa Pinopa,"Milpa, Cafetal",Regeneración y siembra,"Café, Maiz",Había más,0,0,0,0,0,1,1,1,1,0,0,0,No se da manejo adecuado,1,0,1,0,0,0,0,0,1,1,0,0,0,0,1,5,33.3,1,1,1,1,1,1,1,1,1,1,1,1,1,1,1,0
67,48,42-55,F,Zongolica,Montane cloud forest,Coapa Pinopa,"Milpa, Cafetal",Regeneración y siembra,"Café, Maiz",Había más,0,0,0,0,0,1,1,1,0,0,0,0,No se da manejo adecuado,1,0,0,1,1,1,1,0,1,1,0,0,0,1,1,9,60,1,1,1,1,1,1,1,1,1,1,1,1,1,1,1,0
68,33,31-41,F,Zongolica,Montane cloud forest,Coapa Pinopa,"Milpa, Cafetal",Regeneración y siembra,"Café, Maiz",Había más,0,0,0,0,0,1,1,1,0,0,0,0,No se da manejo adecuado,1,0,1,0,1,0,0,1,1,1,0,0,0,0,1,7,46.7,1,1,1,1,1,1,1,1,1,1,1,1,1,1,1,0
69,41,31-41,M,Zongolica,Montane cloud forest,Coapa Pinopa,"Milpa, Cafetal",Regeneración y siembra,"Café, Maiz",Había más,0,0,0,0,0,1,1,1,1,0,0,0,No se da manejo adecuado,1,0,0,0,0,0,0,0,1,1,0,0,0,0,1,4,26.7,1,1,1,0,1,1,0,1,1,1,1,1,0,0,1,0
70,90,56-90,F,Zongolica,Montane cloud forest,Coapa Pinopa,"Milpa, Cafetal",Regeneración y siembra,"Café, Maiz",Había más,0,0,0,0,0,1,1,1,0,0,0,0,No se da manejo adecuado,0,0,1,0,0,0,0,0,1,1,0,0,0,0,1,4,26.7,1,1,1,1,1,1,1,1,1,1,1,1,0,1,1,0
71,39,31-41,F,Zongolica,Montane cloud forest,Coapa Pinopa,"Milpa, Cafetal",Regeneración y siembra,"Café, Maiz",Había más,0,0,0,0,0,1,1,1,0,0,0,0,No se da manejo adecuado,1,0,1,0,1,1,1,0,1,1,0,0,0,0,1,8,53.3,1,1,1,1,1,1,1,1,1,1,1,1,0,1,1,0
72,59,56-90,M,Zongolica,Montane cloud forest,Coapa Pinopa,"Milpa, Cafetal",Regeneración y siembra,"Café, Maiz",Había más,0,0,0,0,1,1,1,1,0,0,0,0,No se da manejo adecuado,0,0,1,0,0,1,1,0,1,1,0,0,0,0,1,6,40,1,1,1,1,1,1,1,1,1,1,1,0,0,1,1,0
73,39,31-41,F,Zongolica,Montane cloud forest,Coapa Pinopa,"Milpa, Cafetal",Regeneración y siembra,"Café, Maiz",Había más,0,0,0,0,1,1,1,0,0,0,0,0,No se da manejo adecuado,1,0,1,0,0,0,0,0,1,1,0,0,0,0,1,5,33.3,1,1,1,1,1,1,0,1,1,1,1,1,0,1,1,0
74,38,31-41,F,Zongolica,Montane cloud forest,Coapa Pinopa,"Milpa, Cafetal",Regeneración y siembra,"Café, Maiz",Había más,0,0,0,0,1,1,1,1,0,0,0,0,No se da manejo adecuado,1,0,1,0,0,1,0,0,1,1,0,0,0,1,1,7,46.7,1,1,1,1,1,1,1,1,1,1,1,1,0,1,1,0
75,80,56-90,F,Zongolica,Montane cloud forest,Coapa Pinopa,"Milpa, Cafetal",Regeneración y siembra,"Café, Maiz",Había más,0,0,0,0,1,1,1,1,1,0,0,0,No se da manejo adecuado,1,1,0,0,1,1,0,0,1,1,0,0,0,1,1,8,53.3,1,1,1,1,1,1,1,1,1,1,1,1,0,1,1,0
76,20,18-30,F,Zongolica,Montane cloud forest,Coapa Pinopa,"Milpa, Cafetal",Regeneración y siembra,"Café, Maiz",Había más,0,0,0,0,0,1,1,1,0,0,0,0,No se da manejo adecuado,1,1,0,1,1,1,0,0,1,1,0,0,0,0,1,8,53.3,1,1,1,1,1,1,1,1,1,1,0,1,0,1,1,0
77,25,18-30,F,Zongolica,Montane cloud forest,Coapa Pinopa,"Milpa, Cafetal",Regeneración y siembra,"Café, Maiz",Había más,0,0,0,0,0,1,1,1,1,0,0,0,No se da manejo adecuado,1,1,1,0,1,1,0,0,1,1,0,0,0,1,1,9,60,1,0,1,1,1,1,1,1,1,1,0,1,0,0,1,0
78,88,56-90,F,Zongolica,Montane cloud forest,Coapa Pinopa,"Milpa, Cafetal",Regeneración y siembra,"Café, Maiz",Había más,0,0,0,0,1,1,1,1,1,0,0,0,No se da manejo adecuado,1,1,0,0,1,1,0,0,1,1,0,0,0,1,1,8,53.3,1,1,1,1,1,1,1,1,1,1,1,1,1,1,1,0
79,33,31-41,F,Zongolica,Montane cloud forest,Coapa Pinopa,"Milpa, Cafetal",Regeneración y siembra,"Café, Maiz",Había más,0,0,0,0,1,1,1,1,0,0,0,0,No se da manejo adecuado,1,1,1,0,1,1,0,0,1,1,0,0,0,1,1,9,60,1,1,1,1,1,1,1,1,1,1,1,1,0,1,1,0
80,39,31-41,F,Zongolica,Montane cloud forest,Coapa Pinopa,"Milpa, Cafetal",Regeneración y siembra,"Café, Maiz",Había más,0,0,0,0,1,1,1,1,1,0,0,0,No se da manejo adecuado,1,0,1,0,1,1,0,0,1,1,0,0,0,1,1,8,53.3,1,1,1,1,1,1,1,1,1,1,1,1,0,0,1,0
81,47,42-55,M,Zongolica,Montane cloud forest,Zacatlamanca,Milpa,Siembra,Milpa,Había más,0,0,0,0,0,1,1,1,0,0,0,0,No se le da un manejo,1,0,1,0,1,0,0,1,1,1,0,0,0,0,0,6,40,1,1,1,1,1,1,0,1,0,1,1,1,0,1,1,0
82,42,42-55,F,Zongolica,Montane cloud forest,Zacatlamanca,"Milpa,monte",Siembra y regeneracion,"Milpa,monte",Había más,0,0,0,0,0,1,1,0,0,0,0,0,No se siembra y emigracion,0,0,0,0,0,0,0,0,1,1,0,1,0,0,1,4,26.7,1,1,1,1,1,0,0,1,1,1,1,1,0,1,1,0
83,19,18-30,F,Zongolica,Montane cloud forest,Zacatlamanca,"Milpa,monte",Siembra y regeneracion,Milpa,Había más,0,0,0,0,1,1,1,0,0,0,0,0,Cambio en la alimentacion,1,0,1,0,0,0,0,0,1,1,1,0,0,0,1,6,40,1,1,1,1,1,0,0,1,1,1,1,1,0,1,1,0
84,19,18-30,M,Zongolica,Montane cloud forest,Zacatlamanca,"Milpa,monte",Siembra y regeneracion,Milpa,Sigue igual,0,0,0,0,1,1,1,0,0,0,0,0,Cambio en la alimentacion,1,1,1,1,1,0,1,1,1,0,1,0,0,1,1,11,73.3,1,1,0,1,1,0,0,1,1,1,1,1,0,1,1,0
85,36,31-41,M,Zongolica,Montane cloud forest,Zacatlamanca,Milpa,Siembra,Milpa,Había más,0,0,0,0,0,1,1,1,0,0,0,0,Cmbio en la alimentacion y animales,1,0,1,0,1,0,0,0,1,1,1,1,0,1,1,9,60,1,0,1,1,0,0,0,1,1,1,1,1,0,0,1,Macuilquilitl
86,32,31-41,F,Zongolica,Montane cloud forest,Zacatlamanca,"Milpa,monte",Siembra y regeneracion,"Milpa, café",Había más,0,0,0,0,0,1,1,1,0,0,0,0,No se siembra y animales,1,0,1,1,0,0,0,1,1,1,1,0,0,0,1,8,53.3,1,1,1,1,1,1,0,1,1,1,1,1,0,1,1,0
87,19,18-30,F,Zongolica,Montane cloud forest,Zacatlamanca,Traspatio,Siembra y regeneracion,Flores y hortalizas,Sigue igual,0,0,0,0,0,1,1,0,0,0,0,0,No se siembra y cambio en la alimentacion,1,0,1,0,0,0,0,1,1,0,1,0,0,0,0,5,33.3,1,1,1,0,1,0,0,1,1,1,1,1,0,1,1,0
88,53,42-55,F,Zongolica,Montane cloud forest,Zacatlamanca,Milpa,Siembra,Milpa,Había más,0,0,0,0,0,1,1,0,0,0,0,0,No se le da un manejo,1,1,1,0,0,0,0,0,1,1,1,0,0,0,0,6,40,1,1,1,1,1,1,0,1,1,1,1,1,0,1,1,0
89,48,42-55,F,Zongolica,Montane cloud forest,Zacatlamanca,"Milpa,monte",Regenerativa,Milpa,Había más,0,0,0,0,1,1,1,1,0,0,0,0,No se siembra,1,0,1,1,1,0,0,0,1,1,0,1,0,0,1,8,53.3,1,0,1,0,1,0,0,0,1,1,1,0,0,0,1,0
90,32,31-41,M,Zongolica,Montane cloud forest,Zacatlamanca,"Milpa,monte",Siembra y regeneracion,Milpa,Había más,0,0,0,0,0,1,1,0,0,0,0,0,Cambio en la alimentacion,1,0,1,0,1,0,0,0,1,1,1,0,0,0,1,7,46.7,1,1,1,0,1,0,0,0,1,1,1,1,0,0,1,0
91,37,31-41,F,Zongolica,Montane cloud forest,Zacatlamanca,"Milpa,monte",Regenerativa,Milpa y monte,Había más,0,0,0,0,0,1,1,1,0,0,0,0,No se siembra y cambio en la alimentacion,0,0,0,0,0,1,0,0,0,1,1,0,0,0,0,3,20,0,0,0,0,1,0,0,0,1,1,0,0,0,0,0,0
92,36,31-41,F,Zongolica,Montane cloud forest,Zacatlamanca,"Milpa,monte",Siembra y regeneracion,Milpa y monte,Había más,0,0,0,0,1,1,1,1,0,0,0,0,No se siembra,1,0,1,1,1,0,0,0,1,1,1,1,1,1,1,11,73.3,1,1,1,1,1,0,0,1,1,1,0,1,0,1,1,0
93,41,31-41,M,Zongolica,Montane cloud forest,Zacatlamanca,Milpa,Regenerativa,Milpa,Había más,0,0,0,0,1,1,1,0,0,0,0,0,No se le da un manejo y animales,1,1,1,1,1,0,1,1,1,0,1,0,0,1,1,11,73.3,1,1,1,1,1,1,0,1,0,1,1,1,0,1,1,0
94,26,18-30,M,Zongolica,Montane cloud forest,Zacatlamanca,"Milpa,monte",Regenerativa,Milpa,Sigue igual,0,0,0,0,1,1,1,1,0,0,0,0,No se siembra,1,0,1,0,1,0,0,0,1,1,0,1,0,0,1,7,46.7,1,1,1,1,1,0,0,1,1,1,1,1,0,1,1,0
95,29,18-30,F,Zongolica,Montane cloud forest,Zacatlamanca,"Milpa,monte",Siembra y regeneracion,Milpa,Había más,0,0,0,0,1,1,1,0,0,0,0,0,Cambio climatico y animales,0,0,1,0,1,0,0,0,1,1,1,0,0,0,0,5,33.3,1,1,1,1,1,1,0,1,1,1,1,1,0,1,1,0
96,25,18-30,M,Zongolica,Montane cloud forest,Zacatlamanca,"Milpa,monte",Siembra y regeneracion,Milpa y monte,Había más,0,0,0,0,0,1,1,1,0,0,0,0,No se siembra y uso de quimicos,1,0,0,0,1,0,0,0,1,1,1,1,0,0,0,6,40,1,1,1,1,1,0,0,1,1,1,1,1,0,1,1,0
97,32,31-41,F,Zongolica,Montane cloud forest,Zacatlamanca,"Milpa,monte",Regenerativa,Milpa y monte,Había más,0,0,0,0,0,1,1,0,0,0,0,0,No se siembra,0,0,0,0,1,0,0,0,1,1,0,0,0,0,0,3,20,1,1,1,0,0,0,0,0,0,1,1,0,0,0,1,0
98,21,18-30,M,Zongolica,Montane cloud forest,Zacatlamanca,"Milpa,monte",Regenerativa,Milpa y monte,Sigue igual,0,0,0,0,0,1,1,1,0,0,0,0,No se siembra,1,1,1,1,1,0,1,1,1,0,1,0,0,1,1,11,73.3,1,1,1,1,1,0,0,1,1,1,1,1,0,1,1,0
99,65,56-90,M,Zongolica,Montane cloud forest,Zacatlamanca,Milpa,Siembra,Milpa y café,Había más,0,0,0,0,0,1,1,1,0,0,0,0,No se siembra y animales,1,0,1,0,1,0,0,0,1,1,1,1,0,1,1,9,60,1,1,1,0,0,1,0,0,1,1,1,1,0,1,1,0
100,28,18-30,F,Zongolica,Montane cloud forest,Zacatlamanca,"Milpa,traspatio",Siembra y regeneracion,"Flores,milpa y arboles frutales",No sabe,0,0,0,0,1,1,1,0,0,0,0,0,No se siembra y cambio en la alimentacion,1,0,1,1,0,0,0,1,1,1,1,0,0,0,1,8,53.3,0,0,0,0,0,0,0,0,0,0,0,0,0,0,0,0
101,29,18-30,F,Zongolica,Montane cloud forest,Zacatlamanca,"Milpa,traspatio",Siembra y regeneracion,"Flores,milpa y arboles frutales",No sabe,0,0,0,0,0,1,1,0,0,0,0,0,No se le da un manejo,1,0,1,0,0,0,0,1,1,0,1,0,0,0,0,5,33.3,1,1,1,1,1,0,0,1,1,1,1,1,0,1,1,0
102,36,31-41,M,Zongolica,Montane cloud forest,Zacatlamanca,"Milpa,traspatio",Siembra y regeneracion,"Flores,milpa y arboles frutales",No sabe,0,0,0,0,0,1,1,0,0,0,0,0,No se siembra,1,0,1,0,1,0,0,1,1,1,0,0,0,0,0,6,40,1,1,1,1,1,1,0,1,1,1,1,1,0,1,1,0
103,29,18-30,F,Zongolica,Montane cloud forest,Zacatlamanca,"Milpa,monte",Regenerativa,Milpa y monte,Había más,0,0,0,0,1,1,1,1,0,0,0,0,Cambio en la alimentacion,0,0,0,0,0,0,0,0,1,1,0,1,0,0,1,4,26.7,1,1,1,1,1,0,0,1,1,1,1,1,0,1,1,0
104,19,18-30,M,Zongolica,Montane cloud forest,Zacatlamanca,"Milpa,monte",Regenerativa,Milpa y monte,Sigue igual,0,0,0,0,0,1,1,0,0,0,0,0,No se siembra y cambio en la alimentacion,1,0,1,0,0,0,0,0,1,1,1,0,0,0,1,6,40,1,1,1,1,1,0,0,1,1,1,1,1,0,0,1,0
105,83,56-90,M,Zongolica,Montane cloud forest,Zacatlamanca,Milpa,Regenerativa,Milpa,Había más,0,0,0,0,0,1,1,0,0,0,0,0,Cambio en la alimentacion,1,1,1,1,1,0,1,1,1,0,1,0,0,1,1,11,73.3,1,1,1,1,1,1,0,1,1,1,1,1,1,1,1,Macuilquilitl
106,24,18-30,M,Zongolica,Montane cloud forest,Zacatlamanca,"Milpa,monte",Siembra y regeneracion,,Había más,0,0,0,0,1,1,1,0,0,0,0,0,No se siembra y cambio en la alimentacion,1,0,0,0,1,0,0,0,1,1,0,1,0,0,0,5,33.3,1,1,1,1,1,0,0,1,0,1,1,1,0,1,1,0
107,37,31-41,M,Zongolica,Montane cloud forest,Zacatlamanca,Traspatio,Siembra,Flores,Había más,0,0,0,0,0,1,1,1,0,0,0,0,No se siembra,0,0,1,0,1,0,0,0,0,1,1,0,0,0,0,4,26.7,1,1,1,1,1,0,0,1,1,1,1,1,0,1,1,0
108,35,31-41,F,Zongolica,Montane cloud forest,Zacatlamanca,Traspatio,Siembra,Flores,Había más,0,0,0,0,0,1,1,0,0,0,0,0,No se le da un manejo y animales,1,0,1,0,0,0,0,0,0,1,1,1,0,0,0,5,33.3,1,1,1,1,1,1,0,1,1,1,1,1,0,1,1,0
109,34,31-41,M,Zongolica,Montane cloud forest,Zacatlamanca,Compra,,,Había más,0,0,0,0,1,1,1,1,0,0,0,0,No se siembra,1,1,1,1,1,0,1,1,1,0,1,0,0,1,1,11,73.3,1,1,1,1,1,0,0,1,1,1,1,1,0,1,1,0
110,32,31-41,F,Zongolica,Montane cloud forest,Zacatlamanca,Traspatio,Siembra y regeneracion,Flores y hortalizas,Había más,0,0,0,0,0,1,1,0,0,0,0,0,Cambio climatico y animales,1,0,1,0,1,0,0,0,1,1,1,1,0,1,1,9,60,1,1,1,1,1,0,0,1,1,1,1,1,0,1,1,0
111,82,56-90,M,Zongolica,Montane cloud forest,Palapa,"milpa, cafetal ",regenereción natural,"milpa, café",Había más,0,0,0,0,0,1,1,0,0,0,0,0,Cambios climáticos y sin manejo,1,0,1,0,0,0,0,0,0,0,0,0,0,0,1,3,20,1,1,1,1,1,1,1,1,1,1,0,1,1,1,1,0
112,38,31-41,M,Zongolica,Montane cloud forest,Palapa,"milpa, cafetal",regeneración natural,"milpa , café",Había más,0,0,0,0,0,1,1,1,1,1,0,0,químicos ,0,0,1,0,1,1,0,1,1,0,0,0,0,0,1,6,40,1,1,1,1,1,1,1,1,1,1,1,1,0,1,1,0
113,17,18-30,M,Zongolica,Montane cloud forest,Palapa,milpa ,regeneración natural,"milpa , café",Había más,0,0,0,0,0,1,1,1,1,0,0,0,Hay un desconocimiento y sin manejo.,1,0,1,0,1,0,0,0,0,0,0,0,0,0,1,4,26.7,1,1,1,0,1,0,0,1,1,1,0,0,0,1,1,0
114,54,42-55,F,Zongolica,Montane cloud forest,Palapa,"milpa, fetetal",regeneración natural y siembran,"milpa , café",Había más,0,0,0,0,1,1,1,1,1,0,0,0,no hay amenazas ,1,0,0,0,0,0,0,0,1,1,0,1,0,0,1,5,33.3,1,1,1,0,1,1,1,1,1,1,1,1,0,1,1,0
115,80,56-90,M,Zongolica,Montane cloud forest,Palapa,"milpa, fetetal",regeneración natural y siembran,"milpa , café",Sigue igual,0,0,0,0,0,0,0,0,0,0,1,1,Cambio climatico s y plagas ,1,0,0,0,0,0,0,0,1,1,0,0,0,0,1,4,26.7,1,1,1,1,1,1,1,1,1,1,1,1,0,1,1,0
116,30,18-30,M,Zongolica,Montane cloud forest,Zomajapa,"milpa, fetetal",regeneración natural,"milpa , café",Sigue igual,1,1,1,0,0,0,0,0,0,0,1,1,no tiene manejo,0,1,0,0,0,1,1,0,0,1,0,0,0,0,1,5,33.3,1,1,0,1,0,1,1,1,1,1,1,0,0,1,1,0
117,58,56-90,M,Zongolica,Montane cloud forest,Zomajapa,"acahual, milpa, cafetal",regeneración natural,"milpa , café",Había más,1,1,0,0,0,0,0,0,0,0,0,1,"plagas, cambio climatico",1,1,1,1,1,1,1,1,1,1,0,1,0,0,1,12,80,1,1,1,1,1,1,1,1,1,1,0,1,0,1,1,0
118,33,31-41,F,Zongolica,Montane cloud forest,Zomajapa,"milpa, fetetal y monte",regeneración natural,"milpa , café",Había más,0,0,0,0,0,0,1,1,1,0,0,0,no hay manejo,1,1,0,1,1,0,0,0,1,1,0,0,0,1,1,8,53.3,1,1,1,1,1,0,0,0,1,1,0,0,0,1,1,0
119,56,56-90,F,Zongolica,Montane cloud forest,Zomajapa,"milpa, fetetal y monte",regeneración natural,"milpa , café",Había más,0,0,0,0,0,0,1,1,0,0,0,0,"tecnicas tradicionades de rosa, tumba y quema",1,1,0,1,1,1,1,1,1,1,0,0,0,0,1,10,66.7,1,1,0,1,1,1,1,1,1,1,1,0,0,0,1,0
120,50,42-55,M,Zongolica,Montane cloud forest,Zomajapa,"milpa, fetetal",regeneración natural y siembran,"milpa , café",Había más,1,0,0,0,0,0,0,0,0,0,0,1,Químicos y quema tradicional,0,0,1,0,0,0,0,0,1,1,0,0,0,0,1,4,26.7,0,0,1,0,0,0,0,0,1,1,0,0,0,0,1,0
121,43,42-55,F,Los Reyes,Montane cloud forest,Atlanca,"milpa, fetetal y monte",regeneración natural y siembran,"milpa , café",Había más,0,0,0,0,0,1,1,1,1,1,0,0,ya non se consumen como antes  ,1,0,1,0,1,0,0,0,1,1,0,0,0,0,1,6,40,1,0,1,0,1,0,0,0,1,1,0,0,0,0,1,0
122,43,42-55,F,Los Reyes,Montane cloud forest,Atlanca,"milpa, monte",regeneración natural y siembran,milpa,Había más,0,0,0,1,1,1,1,1,1,1,1,0,"No hay manejo, ya no se consumen ",1,0,1,0,1,0,0,1,1,1,0,0,0,0,1,7,46.7,1,1,1,1,1,1,0,1,1,1,1,1,0,1,1,0
123,35,31-41,F,Los Reyes,Montane cloud forest,Atlanca,cafetal,regeneración natural y siembran,café,Había más,1,1,1,1,1,1,1,1,1,1,1,1,No hay manejo,1,0,1,0,0,0,0,0,1,1,0,0,0,0,1,5,33.3,1,0,1,0,1,1,0,1,0,1,1,1,0,1,1,0
124,77,56-90,M,Los Reyes,Montane cloud forest,Atlanca,cafetal,regeneración natural,café,Había más,1,1,1,1,1,1,1,1,1,1,1,1,no hay amenazas ,1,0,1,0,1,0,1,0,1,1,0,0,0,0,1,7,46.7,1,1,1,0,1,1,1,1,1,1,1,1,1,1,1,0
125,28,18-30,M,Los Reyes,Montane cloud forest,Atlanca,"acahual, milpa, cafetal y monte",regeneración natural,"milpa , café",Había más,0,0,0,0,0,1,1,1,0,0,0,0,Ya no se consumen como antes ,0,0,0,0,1,0,0,0,1,1,1,0,0,0,1,5,33.3,1,1,1,0,1,0,0,0,1,1,1,1,0,0,1,0
126,22,18-30,F,Los Reyes,Montane cloud forest,Atlanca,"milpa, fetetal",regeneración natural,"milpa , café",Había más,0,0,0,0,0,0,0,1,1,0,0,0,ya no valoran los quelites,1,0,1,0,0,0,0,0,1,1,0,1,0,0,0,5,33.3,1,1,1,0,1,1,0,1,1,1,1,1,0,1,1,0
127,37,31-41,F,Zongolica,Montane cloud forest,Coapa Pinopa,"Milpa, Cafetal",Regeneración natural ,"Milpa, café",Había más,0,0,0,0,1,1,1,1,0,0,0,0,No hay manejo adecuado,1,0,1,0,1,1,1,1,1,1,0,0,0,0,1,9,60,1,0,1,1,1,1,1,0,1,1,0,1,0,1,1,0
128,47,42-55,F,Zongolica,Montane cloud forest,Coapa Pinopa,"Milpa, Cafetal",Regeneración natural y siembra,"Milpa, café",Había más,0,0,0,1,1,1,1,1,1,0,0,0,Uso de químicos,1,1,1,0,1,1,0,1,1,1,0,0,0,0,1,9,60,1,1,1,1,1,1,1,1,1,1,1,1,0,1,1,0
129,38,31-41,F,Zongolica,Montane cloud forest,Coapa Pinopa,"Milpa, Cafetal",Regeneración natural y siembra,"Milpa, café",Había más,0,0,0,0,1,1,1,1,1,0,0,0,No hay manejo adecuado,1,0,1,0,1,1,0,0,1,1,0,0,0,0,1,7,46.7,1,1,1,1,1,1,1,1,1,1,1,1,0,1,1,0
130,22,18-30,F,Zongolica,Montane cloud forest,Coapa Pinopa,"Milpa, Cafetal",Regeneración natural y siembra,"Milpa, café",Había más,0,0,0,1,1,1,1,1,0,0,0,0,No hay manejo adecuado,1,0,1,0,1,0,0,1,1,1,0,0,0,0,1,7,46.7,1,0,1,0,1,1,0,1,1,1,0,0,0,0,1,0
131,39,31-41,F,Zongolica,Montane cloud forest,Coapa Pinopa,"Milpa, Cafetal",Regeneración natural y siembra,"Milpa, café",Había más,0,0,1,1,1,1,1,1,1,1,0,0,No hay manejo adecuado,1,0,0,1,1,1,0,1,1,0,0,0,0,1,0,7,46.7,1,1,1,1,1,1,0,1,1,1,1,1,0,1,1,0
132,40,31-41,M,Zongolica,Montane cloud forest,Coapa Pinopa,"Milpa, Cafetal",Regeneración natural y siembra,"Milpa, café",Había más,0,0,0,1,1,1,1,1,0,0,0,0,No hay manejo adecuado,0,1,1,0,1,1,0,1,1,1,0,0,0,0,1,8,53.3,1,1,1,1,1,1,1,1,1,1,1,1,1,1,1,0
133,53,42-55,F,Zongolica,Montane cloud forest,Coapa Pinopa,"Milpa, Cafetal, jinicuil",Regeneración natural y siembra,"Milpa, café, jinicuil",Había más,0,0,0,1,1,1,1,1,1,1,0,0,No hay manejo adecuado,1,0,0,1,0,0,0,1,0,1,0,1,0,0,1,6,40,1,1,1,1,1,1,1,1,1,1,1,1,0,1,1,0
134,50,42-55,F,Zongolica,Montane cloud forest,Coapa Pinopa,"Milpa, Cafetal",Regeneración natural y siembra,"Milpa, café",Había más,0,0,1,1,1,1,1,1,1,0,0,0,Uso de químicos,1,0,1,0,1,1,0,0,1,1,0,0,0,0,1,7,46.7,1,1,1,1,1,1,1,1,1,1,1,1,1,1,1,0
135,48,42-55,M,Zongolica,Montane cloud forest,Coapa Pinopa,"Milpa, Cafetal",Regeneración natural y siembra,"Milpa, café",Había más,0,0,0,0,1,1,1,1,1,1,0,0,No hay manejo adecuado,1,1,1,0,1,0,0,1,1,1,0,0,0,1,0,8,53.3,1,1,1,1,1,1,1,1,1,1,1,1,1,1,1,0
136,55,42-55,M,Zongolica,Montane cloud forest,Coapa Pinopa,"Milpa, Cafetal",Regeneración natural ,"Milpa, café",Había más,0,0,0,1,0,1,1,1,1,0,0,0,No hay manejo adecuado,0,0,1,0,1,1,0,1,1,1,0,0,0,0,1,7,46.7,1,1,1,1,1,1,1,1,1,1,1,1,0,1,1,0
137,25,18-30,F,Zongolica,Montane cloud forest,Coapa Pinopa,"Milpa, Cafetal",Regeneración natural ,"Milpa, café",Había más,0,0,0,0,1,1,1,1,1,1,0,0,Uso de químicos,1,0,1,0,0,1,0,0,1,1,0,0,0,0,0,5,33.3,1,1,1,0,1,1,0,1,1,1,0,0,0,0,1,0
138,48,42-55,M,Zongolica,Montane cloud forest,Coapa Pinopa,"Milpa, Cafetal",Regeneración natural y siembra,"Milpa, café, monte",Había más,0,0,0,1,0,1,1,1,1,1,0,0,Uso de químicos,1,0,1,0,0,1,0,1,1,1,0,0,0,0,1,7,46.7,1,1,1,1,1,1,1,1,1,1,1,1,1,1,1,0
139,52,42-55,F,Zongolica,Montane cloud forest,Coapa Pinopa,"Milpa, Cafetal",Regeneración natural y siembra,"Milpa, café",Había más,0,0,0,0,1,1,1,1,1,0,0,0,Uso de químicos,1,0,1,0,1,1,0,1,1,1,0,1,0,0,1,9,60,1,1,1,1,1,1,1,1,1,1,1,1,1,1,1,0
140,38,31-41,F,Zongolica,Montane cloud forest,Coapa Pinopa,"Milpa, Cafetal",Regeneración natural ,"Milpa, café",Había más,0,0,0,0,1,1,1,1,1,0,0,0,No hay manejo adecuado,1,0,1,0,1,0,0,0,1,1,0,0,0,0,1,6,40,1,1,1,0,1,1,0,1,1,1,0,1,0,1,1,0
141,37,31-41,F,Zongolica,Montane cloud forest,Coapa Pinopa,"Milpa, Cafetal",Regeneración natural y siembra,"Milpa, café",Había más,0,0,0,1,0,1,1,1,0,0,0,0,No hay manejo adecuado,1,0,1,0,1,1,0,1,1,1,0,1,0,0,1,9,60,1,1,1,1,1,1,1,1,1,1,1,1,0,1,1,0
142,43,42-55,F,Zongolica,Montane cloud forest,Coapa Pinopa,"Milpa, Cafetal",Regeneración natural ,"Milpa, café, monte",Había más,1,1,1,1,1,1,1,1,1,1,1,1,No hay manejo adecuado,0,1,0,1,1,1,1,1,1,1,0,0,0,0,1,9,60,1,1,1,1,1,1,1,1,1,1,1,1,0,1,1,0
143,45,42-55,F,Zongolica,Montane cloud forest,Coapa Pinopa,"Milpa, Cafetal",Regeneración natural y siembra,"Milpa, café",Había más,0,0,0,1,1,1,1,1,1,0,0,0,No hay manejo adecuado,1,0,1,0,1,1,0,1,1,1,0,0,0,0,1,8,53.3,1,1,1,0,1,1,1,1,1,1,0,1,1,1,1,0
144,67,56-90,F,Zongolica,Montane cloud forest,Coapa Pinopa,"Milpa, Cafetal",Regeneración natural y siembra,"Milpa, café",Había más,0,0,0,0,0,1,1,1,1,0,0,0,No hay manejo adecuado,1,1,1,0,1,1,0,1,1,1,0,1,0,0,1,10,66.7,1,1,1,1,1,1,1,1,1,1,1,1,1,1,1,0
145,70,56-90,F,Zongolica,Montane cloud forest,Coapa Pinopa,"Milpa, Cafetal",Regeneración natural ,"Milpa, café, monte",Había más,0,0,0,1,1,1,1,1,1,1,0,0,No hay manejo adecuado,1,1,1,1,0,1,0,0,1,1,0,0,0,0,1,8,53.3,1,1,1,1,1,1,1,1,1,1,1,1,1,1,1,0
146,62,56-90,F,Zongolica,Montane cloud forest,Coapa Pinopa,"Milpa, Cafetal",Regeneración natural y siembra,"Milpa, café",Había más,0,0,1,1,1,1,1,1,1,0,0,0,No hay manejo adecuado,1,0,1,0,1,1,0,1,1,1,0,0,0,0,1,8,53.3,1,1,1,1,1,1,1,1,1,1,1,1,0,1,1,0
147,25,18-30,M,Zongolica,Montane cloud forest,Coapa Pinopa,"Milpa, Cafetal",Regeneración natural y siembra,"Milpa, café",Había más,0,0,0,1,1,1,1,1,1,1,1,0,No hay manejo adecuado,1,0,1,0,1,1,0,0,1,1,0,0,0,0,0,6,40,1,1,1,1,1,1,0,1,1,1,1,0,0,1,1,0
148,46,42-55,M,Zongolica,Montane cloud forest,Coapa Pinopa,"Milpa, Cafetal",Regeneración natural y siembra,"Milpa, café, monte",Había más,0,0,0,0,1,1,1,1,1,1,0,0,No hay manejo adecuado,1,0,1,0,1,0,0,0,1,1,0,1,0,0,1,7,46.7,1,1,1,1,1,1,1,1,1,1,1,1,1,1,1,0
149,72,56-90,M,Zongolica,Montane cloud forest,Coapa Pinopa,"Milpa, Cafetal",Regeneración natural y siembra,"Milpa, café",Había más,0,0,0,1,1,1,1,1,1,1,0,0,No hay manejo adecuado,1,0,1,0,1,1,0,1,1,1,0,1,0,0,1,9,60,1,1,1,1,1,1,1,1,1,1,1,1,1,1,1,0
150,26,18-30,M,Zongolica,Montane cloud forest,Coapa Pinopa,"Milpa, Cafetal",Regeneración natural y siembra,"Milpa, café",Había más,0,1,1,1,1,1,1,1,1,0,0,0,No hay manejo adecuado,1,0,1,0,0,0,0,0,1,1,0,0,0,0,0,4,26.7,1,1,1,1,1,1,0,1,1,1,1,0,0,1,1,0
151,35,31-41,F,Zongolica,Montane cloud forest,Coapa Pinopa,"Milpa, Cafetal",Regeneración natural y siembra,"Milpa, café",Había más,0,0,0,0,1,1,1,1,1,1,0,0,No hay manejo adecuado,1,0,1,0,1,0,0,0,1,1,0,0,0,0,1,6,40,1,0,1,0,1,1,0,1,1,1,0,1,0,1,1,0
152,24,18-30,F,Zongolica,Montane cloud forest,Coapa Pinopa,"Milpa, Cafetal",Regeneración natural y siembra,"Milpa, café",Había más,0,0,0,1,1,1,1,1,0,0,0,0,No hay manejo adecuado,1,1,1,0,0,0,0,1,1,1,0,0,0,1,1,8,53.3,1,1,1,1,1,1,0,1,1,1,1,1,0,1,1,0
153,48,42-55,F,Zongolica,Montane cloud forest,Coapa Pinopa,"Milpa, Cafetal",Regeneración natural y siembra,"Milpa, café",Había más,0,0,0,0,1,1,1,1,1,1,0,0,No hay manejo adecuado,1,0,1,0,1,1,0,0,1,1,0,0,0,0,1,7,46.7,1,1,1,1,1,1,1,1,0,1,1,1,0,1,1,0
154,55,42-55,F,Zongolica,Montane cloud forest,Coapa Pinopa,"Milpa, Cafetal",Regeneración natural y siembra,"Milpa, café, monte",Había más,0,0,1,1,1,1,1,1,1,1,0,0,No hay manejo adecuado,1,0,1,0,1,1,0,1,1,1,0,0,0,0,1,8,53.3,1,1,1,1,1,1,1,1,1,1,1,1,1,1,1,0
155,57,56-90,M,Zongolica,Montane cloud forest,Coapa Pinopa,"Milpa, Cafetal",Regeneración natural y siembra,"Milpa, café",Había más,0,0,0,1,1,1,1,1,1,1,0,0,No hay manejo adecuado,1,1,1,1,0,1,0,1,1,1,0,0,0,1,1,10,66.7,1,1,1,1,1,1,1,1,1,1,1,1,1,1,1,0
156,29,18-30,M,Zongolica,Montane cloud forest,Coapa Pinopa,"Milpa, Cafetal",Regeneración natural y siembra,"Milpa, café",Había más,0,0,0,0,1,1,1,1,1,1,0,0,No hay manejo adecuado,1,0,1,1,0,1,0,0,1,1,0,0,0,0,1,7,46.7,1,1,1,1,1,1,1,1,1,1,1,1,1,1,1,0
157,48,42-55,F,Zongolica,Montane cloud forest,Coapa Pinopa,"Milpa, Cafetal",Regeneración natural y siembra,"Milpa, café",Había más,0,0,0,1,1,1,1,1,1,1,0,0,No hay manejo adecuado,1,0,1,0,1,1,0,0,1,1,0,0,0,0,1,7,46.7,1,1,1,1,1,1,1,1,1,1,1,1,1,1,1,0
158,25,18-30,F,Zongolica,Montane cloud forest,Coapa Pinopa,"Milpa, Cafetal",Regeneración natural y siembra,"Milpa, café, monte",Había más,1,1,1,1,1,1,1,1,1,1,1,1,No hay manejo adecuado,1,0,1,0,0,1,0,0,1,1,0,0,0,0,1,6,40,1,1,1,0,1,1,1,1,1,1,1,1,0,1,1,0
159,50,42-55,M,Zongolica,Montane cloud forest,Coapa Pinopa,"Milpa, Cafetal",Regeneración natural y siembra,"Milpa, café",Había más,0,0,0,0,1,1,1,1,1,1,0,0,No hay manejo adecuado,1,0,1,0,1,1,0,1,1,1,0,0,0,0,1,8,53.3,1,1,1,1,1,1,1,1,1,1,1,1,1,1,1,0
160,22,18-30,M,Zongolica,Montane cloud forest,Coapa Pinopa,"Milpa, Cafetal",Regeneración natural y siembra,"Milpa, café",Había más,0,0,0,1,1,1,1,1,1,1,1,0,No hay manejo adecuado,1,0,1,0,1,0,0,0,1,1,0,0,0,0,1,6,40,1,0,1,1,1,1,0,1,1,1,1,1,0,1,1,0
161,59,56-90,M,Zongolica,Montane cloud forest,Coapa Pinopa,"Milpa, Cafetal",Regeneración natural y siembra,"Milpa, café",Había más,0,0,1,1,1,1,1,1,1,0,0,0,No hay manejo adecuado,1,0,1,0,1,1,0,1,1,1,0,0,0,0,1,8,53.3,1,1,1,1,1,1,1,1,1,1,1,1,1,1,1,0
162,37,31-41,F,Zongolica,Montane cloud forest,Coapa Pinopa,"Milpa, Cafetal",Regeneración natural y siembra,"Milpa, café",Había más,0,0,1,1,1,1,1,1,1,1,0,0,No hay manejo adecuado,1,0,1,0,1,1,0,1,1,1,0,0,0,0,1,8,53.3,1,1,1,1,1,1,1,1,1,1,1,1,0,1,1,0
163,40,31-41,F,Zongolica,Montane cloud forest,Coapa Pinopa,"Milpa, Cafetal",Regeneración natural y siembra,"Milpa, café, monte",Había más,0,0,0,1,1,1,1,1,1,0,0,0,No hay manejo adecuado,1,0,1,1,0,1,0,1,1,1,0,0,0,0,1,8,53.3,1,1,1,1,1,1,1,1,1,1,1,1,0,1,1,0
164,36,31-41,F,Zongolica,Montane cloud forest,Coapa Pinopa,"Milpa, Cafetal",Regeneración natural y siembra,"Milpa, café",Había más,0,0,0,0,1,1,1,1,1,1,1,0,No hay manejo adecuado,1,0,0,1,1,1,0,0,1,1,0,0,0,0,1,7,46.7,1,1,1,1,1,1,0,1,1,1,1,1,0,1,1,0
165,35,31-41,F,Zongolica,Montane cloud forest,Coapa Pinopa,"Milpa, Cafetal",Regeneración natural y siembra,"Milpa, café",Había más,0,0,0,1,1,1,1,1,1,0,0,0,No hay manejo adecuado,1,0,1,0,1,1,0,1,1,1,0,0,0,0,1,8,53.3,1,1,1,0,1,1,1,1,1,1,1,1,0,1,1,0
166,78,56-90,F,Zongolica,Montane cloud forest,Coapa Pinopa,"Milpa, Cafetal",Regeneración natural y siembra,"Milpa, café",Había más,0,0,1,1,1,1,1,1,1,0,0,0,No hay manejo adecuado,1,0,1,1,1,1,0,1,1,1,0,1,0,0,1,10,66.7,1,1,1,1,1,1,1,1,1,1,1,1,1,1,1,0
167,46,42-55,M,Los Reyes,Montane cloud forest,Atlanca,"Cafetal, Milpa",Regeneracion natural y siembra,"Café, Milpa",Había más,0,0,0,0,0,1,1,0,0,0,0,0,No hay un manejo ,1,0,1,0,0,0,0,0,1,1,0,0,0,0,1,5,33.3,1,1,1,1,1,1,1,1,1,1,1,1,1,0,1,0
168,50,42-55,M,Los Reyes,Montane cloud forest,Atlanca,Cafetal, siembra,Café ,Había más,0,0,0,0,0,1,1,0,0,0,0,0,No hay un manejo ,1,1,1,0,1,0,0,0,1,1,1,1,0,0,1,9,60,1,1,1,1,1,1,0,1,1,1,1,1,1,1,1,0
169,38,31-41,M,Los Reyes,Montane cloud forest,Atlanca,"Acahual, Milpa,Monte ",Regeneracion natural y siembra,"Milpa, Arboles, Arbustos",Había más,0,0,0,0,0,1,1,0,0,0,0,0,se perio la cultura del consumo de quelites ,1,0,1,0,0,0,0,0,1,1,0,0,0,0,1,5,33.3,1,1,1,1,1,1,0,0,1,1,1,1,0,0,1,0
170,18,18-30,F,Los Reyes,Montane cloud forest,Atlanca,"Milpa, Traspateo ",siembra,"Flores, Milpa, Frijol",Había más,1,1,1,1,1,1,1,1,1,1,1,1,Cambio Climatico,1,0,1,0,1,0,0,0,1,1,0,0,0,0,1,6,40,1,1,1,1,1,0,0,1,1,1,1,1,1,0,1,0
171,44,42-55,M,Los Reyes,Montane cloud forest,Atlanca,"Cafetal, Milpa",Regeneracion natural ,"Café, Milpa",Había más,0,0,0,0,0,1,1,0,0,0,0,0,Animales domesticos ,1,0,1,1,1,0,0,0,1,1,0,1,0,0,1,8,53.3,1,1,1,1,1,1,0,1,1,1,1,1,1,1,1,0
172,57,56-90,M,Los Reyes,Montane cloud forest,Atlanca,"Cafetal, Milpa",Regeneracion natural ,"Café, Milpa",Había más,0,0,0,0,0,1,1,0,0,0,0,0,No hay un manejo ,1,1,0,1,1,0,0,0,0,0,1,1,0,0,1,7,46.7,1,1,1,1,1,1,0,1,1,1,1,1,1,1,1,0
173,66,56-90,M,Los Reyes,Montane cloud forest,Atlanca,"Cafetal, Milpa",Regeneracion natural ,"Café, Milpa",Había más,0,0,0,0,0,1,1,0,0,0,0,0,No hay un manejo ,1,0,1,1,1,0,0,0,0,0,0,0,0,0,1,5,33.3,1,0,1,1,1,1,0,0,1,1,0,1,0,0,1,0
174,28,18-30,M,Los Reyes,Montane cloud forest,Atlanca,Traspatio,Regeneracion natural y siembra,"Flores, Milpa, Frijol",Había más,0,0,0,0,0,1,1,0,0,0,0,0,Animales domesticos ,0,0,1,0,0,0,0,0,1,1,0,0,0,0,0,3,20,1,1,1,1,1,0,0,1,1,1,1,1,0,0,1,0
175,38,31-41,M,Los Reyes,Montane cloud forest,Atlanca,"Cafetal, Milpa",Regeneracion natural y siembra,"Café, Milpa",Había más,0,0,0,0,0,0,0,0,0,1,0,0,Animales domesticos ,1,0,1,0,1,0,0,0,1,1,0,0,1,0,1,7,46.7,1,1,1,0,1,1,1,0,1,1,1,1,1,0,1,0
176,42,42-55,M,Los Reyes,Montane cloud forest,Atlanca,Cafetal,siembra,Café ,Había más,0,0,0,0,0,0,0,1,1,0,0,0,Sobre pastoreo,1,0,0,0,1,0,0,0,1,1,0,0,0,0,0,4,26.7,1,1,1,1,1,1,0,1,1,1,1,1,1,1,1,0
177,40,31-41,M,Los Reyes,Montane cloud forest,Atlanca,Milpa ,Regeneracion natural y siembra,Milpa ,Sigue igual,0,0,0,0,1,1,1,1,0,0,0,0,No tiene amenasas ,0,0,1,0,1,0,0,0,1,1,0,0,0,0,1,5,33.3,1,1,1,1,1,1,0,1,1,1,1,1,1,1,1,0
178,27,18-30,M,Los Reyes,Montane cloud forest,Atlanca,Traspatio,Regeneracion natural y siembra,"Flores, Milpa",Sigue igual,0,0,0,0,1,1,1,1,0,0,0,0,No tiene amenasas ,1,0,1,0,1,0,0,0,1,1,0,0,0,0,1,6,40,1,0,1,1,1,1,0,0,1,1,1,1,0,0,1,0
179,22,18-30,M,Los Reyes,Montane cloud forest,Atlanca,Traspatio,siembra,"Flores, Milpa",Había más,1,1,1,1,1,1,1,1,1,1,1,1,No se siembre ,0,0,1,0,0,0,0,0,1,1,0,0,0,0,0,3,20,1,1,1,0,1,0,0,1,1,1,1,1,0,0,1,0
180,32,31-41,M,Los Reyes,Montane cloud forest,Atlanca,Traspatio,Regeneracion natural y siembra,"Flores, Milpa",Había más,0,0,0,0,1,1,1,0,0,0,0,0,Uso de quimicos,1,0,1,0,1,0,0,0,0,0,0,0,0,0,0,3,20,1,1,1,1,1,1,0,1,1,1,1,1,1,1,1,0
181,52,42-55,M,Los Reyes,Montane cloud forest,Atlanca,Cafetal,Regeneracion natural y siembra,Café,Sigue igual,0,0,0,1,1,0,0,0,0,0,0,0,No tiene amenasas ,1,0,1,0,1,0,0,0,1,1,0,1,0,0,1,7,46.7,1,1,1,1,1,1,0,1,1,1,1,1,1,1,1,0
182,56,56-90,M,Los Reyes,Montane cloud forest,Atlanca,"Cafetal, Milpa",siembra,"Café, Milpa",Había más,0,0,0,0,1,0,0,0,0,0,0,0,Sobre pastoreo,1,0,1,0,1,1,0,0,0,0,1,1,0,0,1,7,46.7,1,1,1,1,1,1,0,0,1,1,1,1,1,0,1,0
183,77,56-90,M,Los Reyes,Montane cloud forest,Atlanca,Cafetal,Regeneracion natural y siembra,Café,Sigue igual,0,0,0,0,1,0,0,0,0,0,0,0,No tiene amenasas ,0,0,1,1,0,0,0,0,1,1,0,0,0,0,1,5,33.3,1,1,1,1,1,1,1,1,1,1,1,1,1,1,1,0
184,51,42-55,F,Los Reyes,Montane cloud forest,Atlanca,"Cafetal, Milpa",Regeneracion natural,"Café, Milpa",Había más,0,0,0,0,0,1,0,0,0,0,0,0,Animales domesticos ,1,1,1,0,0,0,0,0,1,1,0,0,0,0,1,6,40,1,1,1,1,1,1,0,1,1,1,1,1,0,0,1,0
185,48,42-55,F,Zongolica,Montane cloud forest,Palapa ,Traspatio,Regeneracion natural y siembra,"Café, Milpa,Naranga,vainillo",Había más,1,1,1,1,1,1,1,1,1,1,1,1,No hay un manejo ,1,1,1,1,1,1,1,1,1,1,1,1,0,1,1,14,93.3,1,1,1,1,1,1,1,1,1,1,1,1,0,1,1,0
186,61,56-90,M,Zongolica,Montane cloud forest,Palapa ,"Cafetal, Milpa",Regeneracion natural y siembra,"Café,Milpa",Había más,0,0,0,0,0,0,0,1,1,0,0,0,No hay un manejo ,1,0,1,0,0,0,0,0,0,1,1,0,0,0,1,5,33.3,1,1,1,1,1,1,1,1,1,1,1,1,0,1,1,0
187,41,31-41,M,Zongolica,Montane cloud forest,Palapa ,Cafetal,Regeneracion natural y siembra,café,Había más,0,0,0,0,0,0,0,0,0,0,0,1,No hay un manejo ,0,0,0,0,0,0,0,0,0,0,0,1,0,0,1,2,13.3,1,1,0,1,1,1,1,0,1,1,0,1,0,0,1,0
188,48,42-55,F,Zongolica,Montane cloud forest,Palapa ,Cafetal,Regeneracion natural ,Café,Había más,0,0,0,0,0,0,0,1,1,0,0,1,Uso de quimicos,1,0,0,0,1,0,0,0,1,1,0,0,0,0,0,4,26.7,1,1,1,1,1,1,1,1,1,1,1,1,0,1,1,0
189,40,31-41,F,Zongolica,Montane cloud forest,Palapa ,Cafetal,Regeneracion natural y siembra,Café,Había más,0,0,0,0,1,1,1,1,0,0,0,0,No hay un manejo ,1,0,1,1,1,0,0,0,1,1,0,0,0,0,1,7,46.7,1,1,1,1,1,1,1,0,1,1,1,1,0,0,1,0
190,40,31-41,F,Zongolica,Montane cloud forest,Palapa ,Cafetal,Regeneracion natural y siembra,Café,Había más,1,0,1,0,1,1,0,0,0,0,0,0,No hay un manejo ,1,0,0,1,1,0,0,0,1,1,0,0,0,0,1,6,40,1,1,1,1,1,1,1,0,1,1,1,1,0,0,1,0
191,60,56-90,F,Zongolica,Montane cloud forest,Palapa ,Cafetal,Regeneracion natural y siembra,Café,Había más,0,0,0,1,1,1,1,1,0,0,0,0,No hay un manejo ,1,0,1,0,1,0,0,0,1,1,0,0,0,0,1,6,40,1,1,1,1,1,1,1,1,1,1,1,1,1,1,1,0
192,50,42-55,M,Zongolica,Montane cloud forest,Palapa ,Cafetal,Regeneracion natural y siembra,Café,Había más,1,1,1,1,1,1,1,1,1,1,1,1,No hay un manejo ,1,0,1,0,1,0,0,0,0,0,0,0,0,0,1,4,26.7,1,1,1,0,1,1,0,0,1,1,0,1,0,0,1,0
193,56,56-90,F,Zongolica,Montane cloud forest,Palapa ,Cafetal,Regeneracion natural ,Café,Había más,0,0,0,0,0,1,1,1,0,0,0,0,No hay un manejo ,1,0,0,0,0,0,0,0,1,1,0,1,0,0,1,5,33.3,1,1,1,1,1,1,1,1,1,1,1,1,0,1,1,0
194,79,56-90,M,Zongolica,Montane cloud forest,Palapa ,"Cafetal, Milpa",Regeneracion natural y siembra,"Café, Milpa",Había más,0,0,0,0,0,1,1,1,0,0,0,0,No hay un manejo ,1,1,1,1,1,1,1,0,1,1,1,0,1,1,1,13,86.7,1,1,1,1,1,1,1,1,1,1,1,1,1,1,1,0
195,74,56-90,F,Zongolica,Montane cloud forest,Palapa ,Cafetal,Regeneracion natural y siembra,Café,Había más,0,0,0,0,1,1,0,0,0,0,0,0,"Uso de quimicos, Cambio Climatico",1,0,0,0,0,0,0,0,0,0,0,0,0,0,1,2,13.3,1,1,1,1,1,1,1,1,1,1,1,1,0,1,1,0
196,46,42-55,M,Zongolica,Montane cloud forest,Palapa ,"Cafetal, Milpa",Regeneracion natural y siembra,"Café, Milpa",Había más,0,0,0,0,1,1,1,1,0,0,0,0,Uso de quimcos,1,0,1,0,1,1,0,0,1,1,0,0,0,0,1,7,46.7,1,1,1,1,1,1,0,1,1,1,1,1,0,0,1,0
197,22,18-30,M,Zongolica,Montane cloud forest,Palapa ,Traspatio, siembra,"Flores, Guayaba ",Sigue igual,1,1,1,1,1,1,1,1,1,1,1,1,No hay un manejo ,0,1,1,0,0,0,0,0,1,1,1,0,0,0,1,6,40,0,1,1,0,1,0,0,0,1,1,0,0,0,0,1,0
198,66,56-90,M,Zongolica,Montane cloud forest,Palapa ,Acahual,Regeneracion natural y siembra,"Arboles, Arbustos",Había más,1,1,1,1,1,1,1,1,1,1,1,1,No hay un manejo ,0,1,1,0,0,0,0,1,1,1,0,0,0,1,1,7,46.7,1,1,1,1,1,1,1,1,1,1,1,1,0,0,1,0
199,58,56-90,M,Zongolica,Montane cloud forest,Palapa,"Milpa, cafetal",Regeneración natural,"Milpa, Café",Había más,0,0,0,0,1,1,1,1,0,0,0,0,No hay un manejo ,1,0,1,1,0,0,0,0,1,1,0,0,0,0,1,6,40,1,1,1,1,1,1,1,1,1,1,0,1,0,1,1,0
200,56,56-90,F,Zongolica,Montane cloud forest,Palapa,"Milpa, cafetal",Regeneración y siembra,"Milpa, café",Había más,0,0,0,0,0,1,1,1,1,0,0,0,No hay manejo,1,0,1,1,0,0,0,0,1,1,0,0,0,0,1,6,40,1,1,1,1,1,1,1,1,1,1,0,1,0,1,1,0
201,58,56-90,F,Zongolica,Montane cloud forest,Palapa ,Cafetal,Regeneracion natural ,Café,Había más,0,0,0,1,1,1,1,1,0,0,0,0,Uso de quimicos,1,0,1,0,1,1,0,0,1,1,1,0,0,0,1,8,53.3,1,1,1,1,1,1,1,1,1,1,1,1,0,1,1,0
202,49,42-55,M,Tlaquilpa,Pine-oak forest,Pixcuahutla,Milpa,siembra,"Milpa, frijol ",Había más,0,0,0,0,1,1,1,0,0,0,0,0,Uso de quimicos,0,0,0,1,1,0,0,0,1,1,0,0,0,0,1,5,33.3,0,0,0,1,1,0,0,0,1,1,1,0,0,0,1,0
203,53,42-55,M,Tlaquilpa,Pine-oak forest,Pixcuahutla,Milpa,siembra,"Milpa, frijol ",Había más,0,0,0,0,1,1,1,0,0,0,0,0,Uso de quimicos,0,0,0,0,0,0,0,0,1,1,0,0,0,0,1,3,20,1,0,0,1,1,0,0,0,1,1,0,0,0,0,1,0
204,30,18-30,M,Tlaquilpa,Pine-oak forest,Pixcuahutla,Milpa,siembra,"Milpa, frijol ",Había más,0,0,0,1,1,1,0,0,0,0,0,0,Uso de quimicos,1,0,0,0,1,0,0,0,1,1,0,0,0,0,0,4,26.7,1,0,1,1,1,0,0,0,1,1,0,0,0,0,1,0
205,66,56-90,M,Tlaquilpa,Pine-oak forest,Pixcuahutla,"Milpa, Monte ",Regeneracion natural y siembra,"Milpa, Arboles, Frijol ",Había más,0,0,0,0,0,1,1,1,0,0,0,0,No hay un manejo ,1,0,1,0,1,0,0,0,1,1,0,0,0,0,1,6,40,1,0,0,1,1,0,0,0,1,1,1,0,0,0,1,0
206,70,56-90,M,Tlaquilpa,Pine-oak forest,Pixcuahutla,"Milpa, Monte ",Regeneracion natural y siembra,"Milpa, Arboles, Frijol ",Había más,0,0,0,0,1,1,1,0,0,0,0,0,No hay un manejo ,0,0,0,0,1,0,0,0,1,1,0,0,0,0,0,3,20,1,0,0,0,1,0,0,0,1,1,0,0,0,0,1,0
207,38,31-41,M,Tlaquilpa,Pine-oak forest,Pixcuahutla,"Milpa, Monte ",Regeneracion natural y siembra,"Milpa, Arboles ",Sigue igual,0,0,0,1,1,1,0,0,0,0,0,0,No tiene amenasas ,1,0,1,0,1,0,0,0,1,1,0,0,0,0,0,5,33.3,1,0,1,1,1,0,0,0,1,1,1,0,0,0,1,0
208,50,42-55,F,Tlaquilpa,Pine-oak forest,Pixcuahutla,"Milpa, Monte ",Regeneracion natural y siembra,"Milpa, Arboles ",Había más,0,0,0,0,1,1,1,0,0,0,0,0,No hay un manejo ,0,0,1,0,1,0,0,0,1,1,0,0,0,0,1,5,33.3,1,0,1,0,1,0,0,0,1,1,0,0,0,0,1,0
209,70,56-90,M,Tlaquilpa,Pine-oak forest,Pixcuahutla,Monte,Regeneracion natural y siembra,"Arboles, Arbustos",Había más,0,0,0,0,1,1,1,0,0,0,0,0,No hay un manejo ,0,0,0,0,1,0,0,0,1,1,0,0,0,0,1,4,26.7,1,0,0,1,1,0,0,0,1,1,1,0,0,0,1,0
210,49,42-55,M,Tlaquilpa,Pine-oak forest,Pixcuahutla,Milpa ,Regeneracion natural y siembra,Milpa,Había más,0,0,0,1,1,1,1,0,0,0,0,0,No hay un manejo ,0,0,0,0,1,0,0,0,1,1,0,0,0,0,0,3,20,1,0,1,1,1,0,0,0,1,1,0,0,0,0,1,0
211,52,42-55,M,Tlaquilpa,Pine-oak forest,Pixcuahutla,Milpa,siembra,Milpa,Había más,0,0,0,0,1,1,1,0,0,0,0,0,No hay un manejo ,0,0,0,0,1,0,0,0,1,1,0,0,0,0,0,3,20,1,0,1,1,1,0,0,0,1,1,1,0,0,0,1,0
212,42,42-55,F,Zongolica,Montane cloud forest,Zomajapa,"Milpa, Cafetal",Regeneración natural y siembra,"Milpa, café",Había más,1,1,1,1,1,1,1,1,1,1,1,1,No hay manejo adecuado,1,1,1,1,0,0,0,1,0,1,0,0,0,0,1,7,46.7,1,1,1,1,1,1,1,1,1,1,1,0,0,1,1,0
213,54,42-55,F,Zongolica,Montane cloud forest,Zomajapa,"Milpa, Cafetal",Regeneración natural y siembra,"Milpa, café",Había más,0,0,0,0,0,1,1,1,1,0,0,0,No hay manejo adecuado,1,1,0,1,1,1,0,0,1,1,0,0,0,0,1,8,53.3,1,1,1,1,1,1,1,1,1,1,1,0,0,1,1,0
214,51,42-55,F,Zongolica,Montane cloud forest,Zomajapa,"Milpa, Cafetal",Regeneración natural y siembra,"Milpa, café",Había más,0,1,1,1,1,1,1,1,1,1,1,0,No hay manejo adecuado,1,1,0,1,1,0,0,1,1,1,0,0,0,0,1,8,53.3,1,1,1,1,1,1,1,1,1,1,1,0,0,1,1,0
215,38,31-41,F,Zongolica,Montane cloud forest,Zomajapa,"Milpa, Cafetal, Naranja ",Regeneración natural y siembra,"Milpa, café",Había más,1,1,1,1,1,1,1,1,1,1,1,1,No hay manejo adecuado,1,0,0,0,1,1,0,1,1,1,0,0,0,0,1,7,46.7,1,1,0,1,0,1,1,1,1,1,1,0,0,1,1,0
216,70,56-90,F,Zongolica,Montane cloud forest,Palapa,"Milpa, Cafetal",Regeneración natural y siembra,"Milpa, café",Había más,1,0,0,1,1,1,1,1,1,0,1,1,No hay manejo adecuado,1,0,0,1,1,1,0,1,1,1,0,0,0,0,1,8,53.3,1,1,1,1,1,1,1,1,1,1,1,1,0,1,1,0
217,43,42-55,F,Zongolica,Montane cloud forest,Palapa,"Milpa, Cafetal",Regeneración natural y siembra,"Milpa, café",Había más,0,0,0,0,1,1,1,1,1,0,0,0,No hay manejo adecuado,1,0,1,1,0,1,0,0,1,1,0,0,0,0,1,7,46.7,1,1,1,1,1,1,1,1,1,0,1,1,1,1,1,0
218,31,31-41,F,Zongolica,Montane cloud forest,Palapa,"Milpa, Cafetal",Regeneración natural y siembra,"Milpa, café",Había más,0,0,0,1,1,1,1,1,1,0,0,0,No hay manejo adecuado,1,0,1,1,0,1,0,0,1,1,0,0,0,0,1,7,46.7,1,1,1,1,1,1,1,1,1,1,1,1,1,1,1,0
219,48,42-55,F,Zongolica,Montane cloud forest,Palapa,"Milpa, Cafetal",Regeneración natural y siembra,"Milpa, café",Había más,0,0,0,1,1,1,1,1,0,0,0,0,No hay manejo adecuado,1,0,1,1,0,1,0,0,1,1,0,0,0,0,1,7,46.7,1,1,1,1,1,1,0,1,1,1,1,1,0,1,1,0
220,67,56-90,F,Zongolica,Montane cloud forest,Palapa,"Milpa, Cafetal",Regeneración natural y siembra,"Milpa, café",Había más,0,0,0,1,1,1,1,1,1,0,0,0,No hay manejo adecuado,1,0,1,1,0,1,0,1,1,1,0,0,0,0,1,8,53.3,1,1,1,1,1,1,1,1,1,1,1,1,0,1,1,0
221,54,42-55,F,Zongolica,Montane cloud forest,Palapa,"Milpa, Cafetal",Regeneración natural y siembra,"Milpa, café",Había más,0,0,0,0,1,1,1,1,1,0,0,0,No hay manejo adecuado,1,0,0,1,1,1,0,0,1,1,0,0,0,0,1,7,46.7,1,1,1,1,1,1,0,1,1,1,1,1,0,1,1,0
222,27,18-30,F,Zongolica,Montane cloud forest,Palapa,"Milpa, Cafetal",Regeneración natural y siembra,"Milpa, café",Había más,0,0,0,0,1,1,1,1,1,1,0,0,No hay manejo adecuado,1,0,1,1,0,1,0,0,1,1,0,0,0,0,1,7,46.7,1,1,1,1,1,1,0,1,1,1,1,1,0,0,1,0
223,24,18-30,M,Zongolica,Montane cloud forest,Palapa,"Milpa, Cafetal",Regeneración natural y siembra,"Milpa, café",Había más,0,0,0,1,1,1,1,1,1,0,0,0,No hay manejo adecuado,1,0,1,1,0,1,0,1,1,1,0,0,0,0,1,8,53.3,1,1,1,1,1,1,1,1,1,1,1,1,0,1,1,0
224,45,42-55,F,Zongolica,Montane cloud forest,Palapa,"Milpa, Cafetal",Regeneración natural y siembra,"Milpa, café",Había más,0,0,1,1,1,1,1,1,1,0,0,0,No hay manejo adecuado,1,0,1,1,1,0,0,0,1,1,0,0,0,0,1,7,46.7,1,1,1,1,1,1,1,1,1,1,1,1,0,1,1,0
225,29,18-30,M,Zongolica,Montane cloud forest,Palapa,"Milpa, Cafetal",Regeneración natural y siembra,"Milpa, café",Había más,0,0,0,1,1,1,1,1,1,1,0,0,No hay manejo adecuado,1,0,0,1,1,1,0,0,1,1,0,0,0,0,1,7,46.7,1,1,1,1,1,1,0,1,1,1,1,1,0,1,1,0
226,78,56-90,M,Zongolica,Montane cloud forest,Palapa,"Milpa, Cafetal",Regeneración natural y siembra,"Milpa, café",Había más,0,0,1,1,1,1,1,1,0,0,0,0,No hay manejo adecuado,1,0,0,1,1,1,0,1,1,1,0,0,0,0,1,8,53.3,1,1,1,1,1,1,1,1,1,1,1,1,1,1,1,0
227,55,42-55,F,Zongolica,Montane cloud forest,Palapa,"cafetal, milpa",Regeneración natural,"café, milpa",Había más,0,0,0,1,1,1,1,1,0,0,0,0,No hay manejo ,1,0,1,0,0,0,0,0,1,1,0,0,0,0,1,5,33.3,1,1,1,1,1,1,1,1,1,1,1,1,0,0,1,0
228,50,42-55,F,Zongolica,Montane cloud forest,Palapa,cafetal,siembra,café,Había más,0,0,1,0,0,0,0,0,0,0,0,0,Manejo inadecuado,1,1,1,1,1,1,1,1,1,1,0,0,0,0,1,11,73.3,1,1,1,1,1,1,1,1,1,1,1,1,0,1,1,0
229,62,56-90,F,Zongolica,Montane cloud forest,Palapa,milpa,"Regeneración natural, acodos","milpa, café",Había más,0,0,0,0,0,1,1,1,1,0,0,0,No hay manejo ,1,0,1,0,0,1,0,1,1,1,0,0,0,0,1,7,46.7,1,1,1,1,1,1,1,1,1,1,1,1,0,1,1,0
230,55,42-55,M,Zongolica,Montane cloud forest,Palapa,cafetal,Regeneración natural,"café, milpa",Sigue igual,0,0,0,0,0,1,1,1,0,1,1,0,"plagas, no hay manejo, fertilizantes",1,0,0,0,1,0,0,0,1,1,0,1,0,0,1,6,40,1,1,1,1,1,1,1,1,1,1,1,1,0,1,1,0
231,59,56-90,M,Los Reyes,Montane cloud forest,Atlanca ,"acahual, milpa, cafetal y monte",Regeneración natural,"milpa, café",Había más,0,0,0,0,1,1,1,1,1,1,0,0,animales domesticos y no hay manejo,1,0,1,0,1,0,0,1,1,1,0,0,0,0,1,7,46.7,1,1,1,1,1,1,1,1,1,1,1,1,1,1,1,0
232,81,56-90,M,Los Reyes,Montane cloud forest,Atlanca ,"milpa, cafetal",Regeneración natural,"milpa, café",Había más,0,0,0,0,0,1,1,1,1,0,0,0,Asentamientos humanos,1,0,1,0,1,0,0,0,1,1,1,1,0,0,1,8,53.3,1,1,1,1,1,1,0,1,1,1,1,1,0,1,1,0
233,54,42-55,M,Los Reyes,Montane cloud forest,Atlanca ,"milpa, cafetal",Regeneración natural,"milpa, café",Había más,0,0,0,0,0,1,1,1,1,1,0,0,animales domesticos y no hay manejo,1,0,1,0,1,0,0,0,1,1,0,0,0,0,1,6,40,1,0,1,1,1,1,1,1,1,1,0,0,1,1,1,0
234,21,18-30,F,Los Reyes,Montane cloud forest,Atlanca ,"milpa, cafetal","Regeneración natural, acodos","milpa, café",Sigue igual,0,0,0,0,1,1,1,1,1,1,0,0,"contaminación, no hay manejo ",1,0,0,1,1,1,0,1,1,1,0,0,0,0,1,8,53.3,1,1,1,1,0,1,0,1,1,1,1,1,1,1,1,0
235,55,42-55,F,Los Reyes,Montane cloud forest,Atlanca ,"milpa, cafetal","Regeneración natural, acodos","milpa, café",Había más,0,0,0,0,1,1,1,1,1,1,0,0,No hay manejo ,1,0,1,0,0,0,0,0,1,1,0,0,0,0,1,5,33.3,1,1,1,1,1,1,0,1,1,1,1,1,0,1,1,0
236,40,31-41,F,Zongolica,Montane cloud forest,Coapa Pinopa (Colonia Huaxtla),"milpa, café","Siembra, regeneración natural","milpa, café",Había más,0,0,0,0,0,1,1,1,0,0,0,0,"Cambio Climatico, no hay manejo adecuado",1,0,1,0,0,0,0,1,1,1,0,0,0,0,1,6,40,1,1,1,1,1,1,1,1,1,1,0,1,0,0,1,0
237,37,31-41,M,Zongolica,Montane cloud forest,Coapa Pinopa (Colonia Huaxtla),"milpa, café y almacigo","Siembra, regeneración natural","milpa, café",Había más,0,0,0,0,1,1,1,1,0,0,0,0,No hay manejo adecuado,1,1,1,1,1,0,0,1,1,1,0,0,0,0,1,9,60,1,1,1,1,1,1,1,1,1,1,1,1,1,0,1,0
238,30,18-30,F,Zongolica,Montane cloud forest,Coapa Pinopa (Colonia Huaxtla),"milpa, café y almacigo","Siembra, regeneración natural","milpa, café",Había más,0,0,0,0,1,1,1,1,1,0,0,0,"No hay manejo adecuado, ya no se realizan practicas agricolas como antes ",1,0,1,1,0,0,0,1,1,1,1,0,0,0,1,8,53.3,1,1,1,1,1,1,1,1,1,1,1,1,1,0,1,0
239,32,31-41,M,Zongolica,Montane cloud forest,Coapa Pinopa (Colonia Huaxtla),"milpa, café y almacigo","Siembra, regeneración natural","milpa, café",Había más,0,0,0,0,0,1,1,1,1,0,0,0,"No hay manejo adecuado, cambio climático",1,0,1,0,0,0,0,0,1,1,1,0,0,0,1,6,40,1,1,1,1,1,1,1,1,1,1,0,1,0,0,1,0
240,39,31-41,F,Zongolica,Montane cloud forest,Coapa Pinopa (Colonia Huaxtla),"Acahual, milpa, cafetal","Siembra, regeneración natural","milpa, café",Había más,0,0,0,0,1,1,1,1,1,1,0,0,"No hay manejo adecuado, cambio climático",1,1,1,0,0,0,0,1,1,1,1,0,0,0,1,8,53.3,1,1,1,1,1,1,0,1,1,1,0,1,0,0,1,0
241,43,42-55,F,Zongolica,Montane cloud forest,Coapa Pinopa (Colonia Huaxtla),"milpa, cafetal y almacigo","Siembra, regeneración natural","milpa, monte y almacigo",Había más,0,0,0,0,1,1,1,1,1,0,0,1,"No hay manejo adecuado, cambio climático",1,1,1,0,0,1,0,0,1,1,0,0,0,0,1,7,46.7,1,1,1,1,1,1,1,1,1,1,1,1,1,0,1,0
242,48,42-55,M,Zongolica,Montane cloud forest,Coapa Pinopa (Colonia Huaxtla),"milpa, cafetal, monte","Siembra, regeneración natural","milpa, monte y almacigo",Había más,0,0,0,0,0,1,1,1,1,1,0,0,No hay manejo adecuado,1,0,1,0,0,1,0,0,1,1,0,0,0,0,1,6,40,1,1,1,1,1,1,1,1,1,1,0,0,0,1,1,0
243,34,31-41,F,Zongolica,Montane cloud forest,Coapa Pinopa (Colonia Huaxtla),Cafetal,Regeneración natural,Café,Había más,0,0,0,0,1,1,1,1,1,1,0,0,"plagas, no hay manejo, fertilizantes",0,0,0,1,0,1,0,0,1,1,0,0,0,0,1,5,33.3,1,1,1,1,1,1,0,0,1,1,0,0,0,0,1,0
244,43,42-55,F,Zongolica,Montane cloud forest,Coapa Pinopa (Colonia Huaxtla),"Cafetal, monte",Regeneracion natural,"Cafe, monte",Había más,0,0,0,0,0,1,1,1,1,1,1,1,no hay amenazas ,1,0,1,0,0,0,0,0,1,1,0,0,0,0,1,5,33.3,1,1,1,1,1,1,1,1,1,1,0,1,0,1,1,0
245,68,56-90,F,Zongolica,Montane cloud forest,Coapa Pinopa (Colonia Huaxtla),"Cafetal, almacigo","Siembra, regeneración natural","cafe, chile",Sigue igual,0,0,0,1,1,1,1,1,1,1,0,0,No hay manejo adecuado,1,1,1,0,1,1,0,1,1,1,1,0,0,0,1,10,66.7,1,1,1,1,1,1,1,1,1,1,0,1,0,1,1,0
246,30,18-30,M,Zongolica,Montane cloud forest,Coapa Pinopa (Colonia Huaxtla),"Milpa, cafetal","Siembra, regeneración natural","Cafe, milpa",Había más,0,0,1,1,1,1,1,1,1,1,1,1,No hay manejo adecuado,1,1,1,0,0,1,0,1,1,1,1,0,0,0,1,9,60,1,1,1,1,1,1,0,1,1,1,1,1,0,1,1,0
247,22,18-30,F,Zongolica,Montane cloud forest,Coapa Pinopa (Colonia Huaxtla),Cafetal,"Siembra, regeneración natural",Café,No sabe,1,1,1,1,1,1,1,1,1,1,1,1,No hay manejo adecuado,1,1,1,0,0,1,0,0,1,1,0,0,0,0,1,7,46.7,1,1,1,0,1,1,0,1,1,1,0,0,0,1,1,0
248,68,56-90,M,Zongolica,Montane cloud forest,Coapa Pinopa (Colonia Huaxtla),"Milpa, cafetal",Regeneracion natural,"Café, Maiz",Había más,0,0,0,0,1,1,1,1,0,0,0,0,No hay manejo adecuado,1,0,0,0,0,0,0,0,1,1,0,0,0,0,1,4,26.7,1,1,1,1,1,1,1,1,1,1,1,1,0,1,1,0
249,55,42-55,F,Zongolica,Montane cloud forest,Coapa Pinopa,"Milpa, café",Regeneracion natural,"Café, Maiz",Sigue igual,0,0,0,0,1,1,1,1,1,0,0,0,no hay amenazas ,1,1,1,1,0,1,0,0,1,1,0,1,0,0,1,9,60,1,1,1,1,1,1,1,1,1,1,1,1,0,0,1,0
250,78,56-90,F,Zongolica,Montane cloud forest,Coapa Pinopa,"Milpa, café",Regeneracion natural,"Café, Maiz",Sigue igual,0,0,0,0,1,1,1,1,1,0,0,0,no hay amenazas ,1,1,1,1,0,0,0,0,1,1,0,1,0,0,1,8,53.3,1,1,1,1,1,1,1,1,1,1,0,1,0,1,1,0
251,40,31-41,F,Zongolica,Montane cloud forest,Coapa Pinopa,"Milpa, café",Regeneracion natural,"Café, Maiz",Había más,0,0,0,0,1,1,1,1,1,1,1,1,No hay manejo adecuado,0,0,0,0,0,0,0,0,1,1,0,0,0,0,1,3,20,1,1,1,1,1,1,1,1,1,1,0,1,0,1,1,0
252,39,31-41,M,Zongolica,Montane cloud forest,Coapa Pinopa,"Milpa, café",Regeneracion natural,"Café, Maiz",Había más,0,0,1,1,1,1,1,1,1,0,0,0,No hay manejo adecuado,1,1,1,0,1,0,0,0,1,1,0,0,0,1,1,8,53.3,1,1,1,1,1,1,1,1,1,1,1,1,0,1,1,0
253,19,18-30,M,Zongolica,Montane cloud forest,Coapa Pinopa,"Milpa, café","Siembra, regeneración natural","Café, maiz ",Había más,1,1,1,1,1,1,1,1,1,1,1,1," No hay manejo adecuado, cambio climatico",1,1,1,0,0,0,0,0,1,1,0,0,0,1,1,7,46.7,1,1,1,1,1,1,1,1,1,1,1,1,0,1,1,0
254,63,56-90,F,Zongolica,Montane cloud forest,Coapa Pinopa,"Milpa, café","Siembra, regeneración natural","Café, maiz ",Había más,1,1,1,1,1,1,1,1,1,1,1,1,No hay manejo adecuado,1,1,1,0,1,1,0,0,1,1,0,1,0,0,1,9,60,1,1,1,1,1,1,1,1,1,1,0,1,0,1,1,0
255,50,42-55,M,Zongolica,Montane cloud forest,Coapa Pinopa,"Milpa, café","Siembra, regeneración natural","Café, maiz ",Había más,0,0,0,1,1,1,1,1,1,0,0,0,No hay manejo adecuado,1,0,1,0,0,0,0,0,1,1,0,0,0,0,1,5,33.3,1,1,1,1,1,1,1,1,1,1,1,1,0,1,1,0
256,48,42-55,M,Zongolica,Montane cloud forest,Coapa Pinopa,"Milpa, café","Siembra, regeneración natural","Café, maiz ",Sigue igual,1,1,1,1,1,1,1,1,1,1,1,1,No hay manejo adecuado,1,1,1,0,0,1,0,0,1,1,0,0,0,0,1,7,46.7,1,1,1,1,1,1,1,1,1,1,1,1,0,1,1,0
257,53,42-55,F,Zongolica,Montane cloud forest,Coapa Pinopa,"Milpa, café","Siembra, regeneración natural","Café, maiz ",Había más,0,0,0,1,1,1,1,1,1,0,0,0,No hay manejo adecuado,1,1,1,0,1,1,0,0,1,1,0,1,0,1,1,10,66.7,1,1,1,1,1,1,1,1,1,1,1,1,0,1,1,0
258,77,56-90,F,Zongolica,Montane cloud forest,Coapa Pinopa,"Milpa, café","Siembra, regeneración natural","Café, maiz ",Había más,0,0,1,1,1,1,1,1,1,0,0,0,"plagas, no hay manejo, fertilizantes",1,1,1,0,1,1,0,0,1,1,0,0,0,0,1,8,53.3,1,1,1,1,1,1,1,1,1,1,1,1,0,1,1,0
259,33,31-41,F,Zongolica,Montane cloud forest,Coapa Pinopa,"Milpa, café",Regeneracion natural ,"Café, maiz ",Había más,0,1,1,1,1,1,1,1,0,0,0,0,"plagas, no hay manejo, fertilizantes",1,0,1,0,0,1,0,0,1,1,0,0,0,0,1,6,40,1,1,1,1,1,1,0,1,1,1,1,1,0,1,1,0
260,30,18-30,F,Zongolica,Montane cloud forest,Coapa Pinopa,"Milpa, café",Regeneracion natural ,"Café, maiz ",Había más,0,0,0,0,1,1,1,1,1,1,1,1,"plagas, no hay manejo, fertilizantes",1,1,0,0,0,1,0,0,1,1,0,0,0,0,1,6,40,1,1,1,1,1,1,0,1,1,1,1,1,0,1,1,0
261,46,42-55,M,Zongolica,Montane cloud forest,Coapa Pinopa,"Milpa, café","Regeneracion natural, siembra","Café, maiz ",Había más,0,0,0,0,1,1,1,1,1,0,0,0,No hay manejo adecuado,1,1,1,0,1,1,0,0,1,1,0,1,0,0,1,9,60,1,1,1,1,1,1,1,1,1,1,1,1,0,1,1,0
262,46,42-55,M,Zongolica,Montane cloud forest,Coapa Pinopa,"Milpa, café","Regeneracion natural, siembra","Café, maiz ",Había más,1,1,1,1,1,1,1,1,1,1,1,1,"plagas, no hay manejo, fertilizantes",1,0,1,0,1,1,0,0,1,1,0,1,0,0,1,8,53.3,1,1,1,1,1,1,1,1,1,1,1,1,0,1,1,0
263,63,56-90,F,Zongolica,Montane cloud forest,Coapa Pinopa,"Milpa, café","Regeneracion natural, siembra","Café, maiz ",Había más,0,0,0,0,1,1,1,1,0,0,0,0,No hay manejo adecuado,1,1,1,0,0,1,0,0,1,1,0,0,0,0,1,7,46.7,1,1,1,1,1,1,1,1,1,1,1,1,0,1,1,0
264,65,56-90,M,Zongolica,Montane cloud forest,Coapa Pinopa,"Milpa, café","Regeneracion natural, siembra","Café, maiz ",Había más,0,0,0,0,1,1,1,1,1,1,0,0,"Uso de agroquimicos, plagas ",1,1,1,0,0,1,0,0,1,1,0,0,0,0,1,7,46.7,1,1,1,1,1,1,1,1,1,1,1,1,0,1,1,0
265,53,42-55,F,Zongolica,Montane cloud forest,Coapa Pinopa,"Milpa, café","Regeneracion natural, siembra","Café, maiz ",Había más,1,1,1,1,1,1,1,1,1,1,1,1,No hay manejo adecuado,1,0,1,0,1,0,0,0,1,1,0,0,0,0,1,6,40,1,1,1,1,1,1,1,0,1,1,1,1,0,1,1,0
266,63,56-90,M,Zongolica,Montane cloud forest,Coapa Pinopa,"Milpa, café","Regeneracion natural, siembra","Café, maiz ",Había más,0,0,0,0,1,1,1,1,1,0,0,0,No hay manejo adecuado,1,1,1,0,0,0,0,0,1,1,0,0,0,0,1,6,40,1,1,1,1,1,1,1,1,1,1,0,1,0,1,1,0
267,44,42-55,M,Zongolica,Montane cloud forest,Coapa Pinopa,"Cafetal, almacigo","Regeneracion natural, siembra","Café, maiz ",Había más,0,0,0,1,1,1,1,1,1,0,0,0,No hay manejo adecuado,1,1,1,0,1,1,0,0,1,1,0,0,0,0,1,8,53.3,1,1,1,1,1,1,1,1,1,1,1,1,0,1,1,0
268,48,42-55,M,Zongolica,Montane cloud forest,Coapa Pinopa,"Cafetal, almacigo","Regeneracion natural, siembra","Café, maiz ",Había más,0,0,0,0,0,0,0,1,1,1,1,1,No hay manejo adecuado,1,1,1,0,1,1,0,0,1,1,0,0,0,0,1,8,53.3,1,1,1,1,1,1,1,1,1,1,1,1,0,1,1,0
269,69,56-90,F,Zongolica,Montane cloud forest,Coapa Pinopa,"Milpa, cafetal ","Regeneracion natural, siembra","Café, maiz ",Había más,0,0,0,0,0,1,1,1,1,1,1,1,"plagas, no hay manejo, fertilizantes",1,0,1,0,1,1,0,0,1,1,0,0,0,0,1,7,46.7,1,1,1,1,1,1,1,0,1,1,1,1,0,1,1,0
270,37,31-41,F,Zongolica,Montane cloud forest,Coapa Pinopa,"Milpa, cafetal ","Regeneracion natural, siembra","Café, maiz ",Había más,0,0,0,1,1,1,1,1,1,0,0,0,No hay manejo adecuado,0,0,1,0,0,0,0,0,1,1,0,0,0,0,1,4,26.7,1,1,1,1,1,1,1,0,1,1,0,0,0,1,1,0
271,68,56-90,F,Zongolica,Montane cloud forest,Coapa Pinopa,"Milpa, cafetal ","Regeneracion natural, siembra","Café, maiz ",Sigue igual,0,0,0,0,1,1,1,1,1,1,1,0,No hay manejo adecuado,1,0,1,0,0,1,0,0,1,1,0,0,0,0,1,6,40,1,1,1,1,1,1,1,0,1,1,1,0,0,1,1,0
272,22,18-30,F,Zongolica,Montane cloud forest,Coapa Pinopa (Colonia 3 de mayo),"Milpa, almacigo","Regeneracion natural, siembra","Café, maiz ",Había más,0,0,0,0,1,1,1,1,1,1,1,1,No hay manejo adecuado,1,1,1,0,1,1,0,0,1,1,0,0,0,0,1,8,53.3,1,1,1,1,1,1,1,1,1,1,1,1,1,1,1,0
273,26,18-30,M,Zongolica,Montane cloud forest,Coapa Pinopa (Colonia 3 de mayo),"Milpa, Cafetal",Regeneracion natural,"Café, maiz ",Había más,1,1,1,1,1,1,1,1,1,1,1,1,"No hay manejo adecuado, deforestación",1,1,0,0,1,0,0,0,1,1,0,0,0,0,1,6,40,1,1,1,0,1,1,1,1,1,1,0,0,0,1,1,0
274,19,18-30,F,Zongolica,Montane cloud forest,Coapa Pinopa (Colonia 3 de mayo),"Milpa, Cafetal",Regeneracion natural,"Café, maiz ",Había más,1,1,1,1,1,1,1,1,1,1,1,1,No hay manejo adecuado,1,1,1,0,1,0,0,0,1,1,0,0,0,0,1,7,46.7,1,1,1,1,1,1,1,0,1,1,1,1,0,1,1,0
275,27,18-30,F,Zongolica,Montane cloud forest,Coapa Pinopa (Colonia 3 de mayo),"Milpa, Cafetal",Regeneracion natural,"Café, maiz ",Había más,0,0,0,0,0,1,1,1,1,1,1,1,No hay manejo adecuado,1,1,1,0,0,1,0,0,1,1,0,0,0,0,1,7,46.7,1,1,1,1,1,1,1,1,1,0,1,1,0,1,1,0
276,28,18-30,M,Zongolica,Montane cloud forest,Coapa Pinopa (Colonia 3 de mayo),"Milpa, Cafetal","Regeneracion natural, siembra","Café, maiz ",Había más,0,0,0,0,1,1,1,1,1,1,1,1,No hay manejo adecuado,1,1,1,0,0,1,0,0,1,1,0,0,0,0,1,7,46.7,1,1,1,1,1,1,1,1,1,1,1,1,0,0,1,0
277,39,31-41,F,Zongolica,Montane cloud forest,Coapa Pinopa (Colonia 3 de mayo),"Milpa, Cafetal","Regeneracion natural, siembra","Café, maiz ",Había más,0,0,0,0,1,1,1,1,1,1,1,1,No hay manejo adecuado,1,0,1,1,1,1,0,0,1,1,0,0,0,1,1,9,60,1,1,1,1,1,1,1,1,1,1,0,1,0,1,1,0
278,26,18-30,M,Zongolica,Montane cloud forest,Coapa Pinopa (Colonia 3 de mayo),Cafetal,"Regeneracion natural, siembra",Café,Había más,0,0,0,0,0,0,0,1,1,1,1,1,No hay manejo adecuado,1,0,1,1,0,0,0,0,1,1,0,0,0,0,1,6,40,1,1,1,1,1,1,1,1,1,1,1,1,0,1,1,0
279,82,56-90,M,Zongolica,Montane cloud forest,Coapa Pinopa (Colonia 3 de mayo),"Milpa, cafetal","Regeneracion natural, siembra","Café, maiz ",Había más,0,0,0,1,1,1,1,1,1,1,1,1,No hay manejo adecuado,1,1,1,1,1,1,0,0,1,1,0,0,0,1,1,10,66.7,1,1,1,1,1,1,1,1,1,1,1,1,0,1,1,0
280,42,42-55,F,Zongolica,Montane cloud forest,Coapa Pinopa (Colonia 3 de mayo),Cafetal,"Regeneracion natural, siembra",Café,Había más,0,0,0,0,1,1,1,1,1,1,1,1,No hay manejo adecuado,1,1,1,0,0,1,0,0,1,1,0,0,0,1,1,8,53.3,1,1,1,1,1,1,1,1,1,1,1,0,0,1,1,0
281,26,18-30,F,Zongolica,Montane cloud forest,Coapa Pinopa (Colonia 3 de mayo),"Milpa, cafetal","Regeneracion natural, siembra","Café, maiz ",Había más,1,1,1,1,1,1,1,1,1,1,1,1,No hay manejo adecuado,1,0,1,0,0,1,0,0,1,1,0,0,0,0,1,6,40,1,1,1,1,1,1,1,1,1,1,1,1,0,1,1,0
282,29,18-30,F,Zongolica,Montane cloud forest,Coapa Pinopa (Colonia 3 de mayo),"Milpa, cafetal","Regeneracion natural, siembra","Café, maiz ",Había más,1,1,1,1,1,1,1,1,1,1,1,1,No hay manejo adecuado,1,1,0,0,0,1,0,0,1,1,0,0,0,0,1,6,40,1,1,1,1,1,1,1,1,1,1,1,1,0,1,1,0
283,30,18-30,F,Zongolica,Montane cloud forest,Coapa Pinopa (Colonia 3 de mayo),"Milpa, cafetal","Regeneracion natural, siembra","Café, maiz ",Había más,0,0,0,0,1,1,1,1,1,1,1,1,No hay manejo adecuado,1,0,1,1,0,1,0,0,1,1,0,0,0,0,1,7,46.7,1,1,1,1,1,1,1,1,1,1,1,1,1,1,1,0
284,29,18-30,F,Zongolica,Montane cloud forest,Coapa Pinopa (Colonia 3 de mayo),"Milpa, cafetal","Regeneracion natural, siembra","Café, maiz ",Había más,0,0,0,0,1,1,1,1,1,1,1,1,No hay manejo adecuado,1,1,1,0,1,0,0,0,1,1,0,0,0,0,1,7,46.7,1,1,1,1,1,1,1,1,1,1,1,1,0,1,1,0
285,50,42-55,F,Zongolica,Montane cloud forest,Coapa Pinopa (Colonia 3 de mayo),"Milpa, cafetal","Regeneracion natural, siembra","Café, maiz ",Había más,0,0,0,0,1,1,1,1,1,0,0,0,No hay manejo adecuado,1,1,1,0,0,0,0,0,1,1,0,0,0,0,1,6,40,1,1,1,1,1,1,1,1,1,1,1,1,0,1,1,0
286,69,56-90,M,Zongolica,Montane cloud forest,Tlacuitlapa Chico,"Milpa, cafetal","Regeneracion natural, siembra","Café, maiz ",Sigue igual,0,0,0,0,1,1,1,1,1,1,0,0,No hay manejo adecuado,1,0,1,1,1,0,0,0,1,1,0,1,0,0,1,8,53.3,1,1,1,1,1,1,1,1,1,1,1,1,1,1,1,0
287,24,18-30,F,Zongolica,Montane cloud forest,Tlacuitlapa Chico,"Milpa, cafetal","Regeneracion natural, siembra","Café, maiz ",Sigue igual,0,0,0,0,0,1,1,1,1,0,0,0,No hay manejo adecuado,1,0,1,0,1,0,0,0,1,1,0,0,0,0,1,6,40,1,1,1,1,1,1,1,1,1,1,1,1,0,1,1,0
288,21,18-30,F,Zongolica,Montane cloud forest,Tlacuitlapa Chico,"Milpa, cafetal","Regeneracion natural, siembra","Café, maiz ",Sigue igual,1,1,1,1,1,1,1,1,1,1,1,1,No sabe,1,1,0,0,1,0,0,0,1,1,0,0,0,0,1,6,40,1,1,1,0,1,1,0,1,1,1,1,1,0,1,1,0
289,47,42-55,F,Zongolica,Montane cloud forest,Tlacuitlapa Chico,"Milpa, cafetal, almacigo","Regeneracion natural, siembra","Café, maiz ",Había más,0,0,0,0,1,1,1,1,1,0,0,0,"plagas, no hay manejo, fertilizantes",1,0,1,0,0,0,0,0,1,1,0,0,0,0,1,5,33.3,1,1,1,1,1,1,1,1,1,1,0,1,0,1,1,0
290,32,31-41,F,Zongolica,Montane cloud forest,Tlacuitlapa Chico,"Milpa, cafetal","Regeneracion natural, siembra","Café, maiz ",Sigue igual,1,1,1,1,1,1,1,1,1,1,1,1,No sabe,1,0,1,0,0,1,0,0,1,1,0,0,0,0,1,6,40,1,1,1,1,1,1,1,1,1,1,1,1,1,1,1,0
291,18,18-30,F,Zongolica,Montane cloud forest,Tlacuitlapa Chico,Milpa,"Regeneracion natural, siembra","Café, maiz ",Había más,1,1,1,1,1,1,1,1,1,1,1,1,No hay manejo adecuado,1,1,1,1,1,0,0,0,1,1,0,0,0,0,1,8,53.3,1,1,1,1,1,1,0,1,1,1,1,1,0,1,1,0
292,90,56-90,F,Zongolica,Montane cloud forest,Tlacuitlapa Chico,"Milpa, cafetal","Regeneracion natural, siembra","Café, maiz ",Había más,0,0,0,0,1,1,1,1,1,1,0,0,No hay manejo adecuado,1,1,1,0,1,1,0,0,1,1,0,0,0,0,1,8,53.3,1,1,1,1,1,1,1,1,1,1,1,1,1,1,1,0
293,32,31-41,F,Zongolica,Montane cloud forest,Tlacuitlapa Chico,"Milpa, cafetal","Regeneracion natural, siembra","Café, maiz ",Sigue igual,0,0,0,1,1,1,1,1,1,1,0,0,No hay manejo adecuado,0,1,0,1,0,1,0,0,1,1,0,0,0,0,1,6,40,1,1,1,1,1,1,1,1,1,1,0,1,0,1,1,0
294,45,42-55,F,Zongolica,Montane cloud forest,Tlacuitlapa Chico,"Milpa, cafetal","Regeneracion natural, siembra","Café, maiz ",Había más,0,0,0,0,0,1,1,1,1,0,0,0,No hay manejo adecuado,1,0,1,0,1,0,0,0,1,1,0,0,1,0,1,7,46.7,1,1,1,1,1,1,0,1,1,1,1,1,0,1,1,0
295,26,18-30,M,Zongolica,Montane cloud forest,Tlacuitlapa Chico,"Milpa, cafetal","Regeneracion natural, siembra","Café, maiz ",Había más,0,0,0,0,0,1,1,1,1,0,0,0,No hay manejo adecuado,1,1,1,0,1,1,0,0,1,1,0,0,0,0,1,8,53.3,1,1,1,1,1,1,1,1,1,1,1,1,0,1,1,0
296,29,18-30,F,Zongolica,Montane cloud forest,Tlacuitlapa Chico,"Milpa, cafetal","Regeneracion natural, siembra","Café, maiz ",Había más,0,0,0,0,1,1,1,1,1,1,0,0,No hay manejo adecuado,1,0,1,0,1,1,0,0,1,1,0,0,0,0,1,7,46.7,1,1,1,1,1,1,0,1,1,1,0,1,0,1,1,0
297,44,42-55,F,Zongolica,Montane cloud forest,Tlacuitlapa Chico,"Milpa, cafetal","Regeneracion natural, siembra","Café, maiz ",Había más,0,0,0,0,0,1,1,1,1,0,0,0,No hay manejo adecuado,1,1,1,0,1,1,0,0,1,1,0,0,0,0,1,8,53.3,1,1,1,1,1,1,0,1,1,0,0,1,0,1,1,0
298,41,31-41,F,Zongolica,Montane cloud forest,Tlacuitlapa Chico,"Milpa, cafetal","Regeneracion natural, siembra","Café, maiz ",Había más,0,0,0,0,0,1,1,1,1,0,0,0,No hay manejo adecuado,1,1,1,0,0,1,0,0,1,1,0,0,0,0,1,7,46.7,1,1,1,1,1,1,1,1,1,1,1,1,0,1,1,0
299,34,31-41,M,Zongolica,Montane cloud forest,Tlacuitlapa Chico,"Milpa, cafetal","Regeneracion natural, siembra","Café, maiz ",Había más,0,0,0,0,0,1,1,1,1,0,0,0,No hay manejo adecuado,1,0,1,0,1,1,0,0,1,1,0,0,0,0,1,7,46.7,1,1,1,1,1,1,1,1,1,1,1,1,0,1,1,0
300,48,42-55,F,Zongolica,Montane cloud forest,Tlacuitlapa Chico,"Milpa, cafetal","Regeneracion natural, siembra","Café, maiz ",Había más,0,0,0,0,0,1,1,1,1,0,0,0,No hay manejo adecuado,1,1,1,0,0,1,0,0,1,1,0,0,0,0,1,7,46.7,1,1,1,1,1,1,1,1,1,1,0,1,0,1,1,0
301,64,56-90,M,Zongolica,Montane cloud forest,Tlacuitlapa Chico,"Milpa, cafetal","Regeneracion natural, siembra","Café, maiz ",Sigue igual,0,0,0,0,0,1,1,1,1,0,0,0,Cambio climatico,1,0,1,0,0,1,0,0,1,1,0,0,0,0,1,6,40,1,1,1,1,1,1,1,1,1,1,1,1,0,1,1,0
302,29,18-30,F,Zongolica,Montane cloud forest,Tlacuitlapa Chico,"Milpa, cafetal","Regeneracion natural, siembra","Café, maiz ",Había más,0,0,0,0,1,1,1,1,1,0,0,0,"plagas, no hay manejo, fertilizantes",1,1,1,0,1,0,0,0,1,1,0,0,0,0,1,7,46.7,1,1,1,0,1,0,0,1,1,1,1,1,0,1,1,0
303,32,31-41,M,Zongolica,Montane cloud forest,Tlacuitlapa Chico,"Milpa, cafetal","Regeneracion natural, siembra","Café, maiz ",Sigue igual,0,0,0,0,0,1,1,1,1,0,0,0,Cambio climatico,1,1,1,0,0,1,0,0,1,1,0,0,0,0,1,7,46.7,1,1,1,1,1,1,0,1,1,1,1,1,1,1,1,0
304,48,42-55,M,Zongolica,Montane cloud forest,Tlacuitlapa Chico,"Milpa, cafetal","Regeneracion natural, siembra","Café, maiz ",Había más,1,1,1,1,1,1,1,1,1,1,1,1,No hay manejo adecuado,1,0,1,0,1,1,0,0,1,1,0,0,0,0,1,7,46.7,1,1,1,1,1,1,1,1,1,1,1,1,0,1,1,0
305,24,18-30,F,Zongolica,Montane cloud forest,Tlacuitlapa Chico,"Milpa, cafetal","Regeneracion natural, siembra","Café, maiz ",Había más,1,1,1,1,1,1,1,1,1,1,1,1,No hay manejo adecuado,1,0,1,0,0,1,0,0,1,1,0,0,0,0,1,6,40,1,1,1,1,1,1,1,0,1,1,0,0,0,1,1,0
306,38,31-41,F,Zongolica,Montane cloud forest,Tlacuitlapa Chico,"Milpa, cafetal","Regeneracion natural, siembra","Café, maiz ",Había más,0,0,0,0,0,1,1,1,1,0,0,0,No hay manejo adecuado,1,0,0,0,0,0,0,0,1,1,0,0,0,0,1,4,26.7,1,1,1,1,1,0,1,1,1,1,1,1,0,1,1,0
307,50,42-55,F,Zongolica,Montane cloud forest,Tlacuitlapa Chico,"Milpa, cafetal, almacigo","Regeneracion natural, siembra","Café, maiz ",Había más,0,0,0,0,0,1,1,1,1,0,0,0,No hay manejo adecuado,1,0,1,0,1,1,0,0,1,1,0,1,0,0,1,8,53.3,1,1,1,1,1,1,0,1,1,1,1,1,0,1,1,0
308,26,18-30,F,Zongolica,Montane cloud forest,Tlacuitlapa Chico,"Milpa, cafetal","Regeneracion natural, siembra","Café, maiz ",Había más,0,0,0,0,0,1,1,1,1,0,0,0,No hay manejo adecuado,1,0,1,0,1,1,0,0,1,1,0,0,0,0,1,7,46.7,1,1,1,1,1,1,0,1,1,1,1,0,0,1,1,0
309,45,42-55,F,Zongolica,Montane cloud forest,Tlacuitlapa Chico,"Milpa, cafetal","Regeneracion natural, siembra","Café, maiz ",Había más,0,0,0,0,1,1,1,1,1,0,0,0,No hay manejo adecuado,1,0,1,0,1,1,0,0,1,1,0,0,0,0,1,7,46.7,1,1,1,1,1,1,1,1,1,1,1,1,0,1,1,0
310,28,18-30,M,Zongolica,Montane cloud forest,Tlacuitlapa Chico,"Milpa, cafetal","Regeneracion natural, siembra","Café, maiz ",Había más,0,0,0,0,0,1,1,1,0,0,0,0,"plagas, no hay manejo, fertilizantes",1,0,1,0,1,1,0,0,1,1,0,1,0,0,1,8,53.3,1,1,1,1,1,1,1,1,1,1,1,1,0,1,1,0
311,66,56-90,M,Zongolica,Montane cloud forest,Tlacuitlapa Chico,"Milpa, cafetal","Regeneracion natural, siembra","Café, maiz ",Sigue igual,0,0,0,0,1,1,1,1,1,0,0,0,"plagas, no hay manejo, fertilizantes",1,0,1,0,1,0,0,0,1,1,0,0,0,0,1,6,40,1,1,1,1,1,1,1,1,1,1,1,1,0,1,1,0
312,30,18-30,F,Zongolica,Montane cloud forest,Tlacuitlapa Chico,"Milpa, cafetal","Regeneracion natural, siembra","Café, maiz ",Había más,0,0,0,0,1,1,1,1,1,0,0,0,No hay manejo adecuado,1,1,1,0,1,1,0,0,1,1,0,0,0,0,1,8,53.3,1,1,1,1,1,1,0,1,1,1,1,1,0,1,1,0
313,27,18-30,F,Zongolica,Montane cloud forest,Tlacuitlapa Chico,"Milpa, cafetal","Regeneracion natural, siembra","Café, maiz ",Había más,0,0,0,0,1,1,1,1,1,0,0,0,No hay manejo adecuado,1,1,0,0,0,0,0,0,1,1,0,0,0,0,1,5,33.3,1,1,1,0,1,1,0,0,1,1,0,1,0,1,1,0
314,34,31-41,F,Zongolica,Montane cloud forest,Tlacuitlapa Chico,"Milpa, cafetal","Regeneracion natural, siembra","Café, maiz ",Había más,0,0,0,0,1,1,1,1,1,0,0,0,No hay manejo adecuado,1,0,1,0,1,1,0,0,1,1,0,1,0,0,1,8,53.3,1,1,1,1,1,1,0,0,1,1,1,1,0,1,1,0
315,30,18-30,F,Zongolica,Montane cloud forest,Tlacuitlapa Chico,"Milpa, cafetal","Regeneracion natural, siembra","Café, maiz ",Había más,0,0,0,0,1,1,1,1,1,0,0,0,No hay manejo adecuado,1,0,0,0,0,0,0,0,1,1,0,0,0,0,1,4,26.7,1,1,1,0,1,1,0,0,1,1,0,0,0,1,1,0
316,22,18-30,F,Zongolica,Montane cloud forest,Tlacuitlapa Chico,"Milpa, cafetal","Regeneracion natural, siembra","Café, maiz ",Sigue igual,1,1,1,1,1,1,1,1,1,1,1,1,No sabe,1,1,1,0,1,0,0,0,1,1,0,0,0,0,1,7,46.7,1,1,1,1,1,1,1,1,1,1,0,1,0,1,1,0
317,24,18-30,F,Zongolica,Montane cloud forest,Tlacuitlapa Chico,"Milpa, cafetal","Regeneracion natural, siembra","Café, maiz ",Sigue igual,0,0,0,0,0,1,1,1,1,0,0,0,No hay manejo adecuado,1,1,1,1,0,1,0,0,1,1,0,0,0,0,1,8,53.3,1,1,1,1,1,1,1,1,1,1,1,1,0,1,1,0
318,23,18-30,F,Zongolica,Montane cloud forest,Tlacuitlapa Chico,"Milpa, cafetal","Regeneracion natural, siembra","Café, maiz ",Sigue igual,0,0,0,0,1,1,1,1,1,0,0,0,No hay manejo adecuado,1,0,0,0,0,1,0,0,1,1,0,0,0,0,1,5,33.3,1,1,1,1,1,1,0,1,1,1,0,0,0,1,1,0
319,23,18-30,F,Zongolica,Montane cloud forest,Tlacuitlapa Chico,"Milpa, cafetal","Regeneracion natural, siembra","Café, maiz ",Había más,0,0,0,0,1,1,1,1,1,0,0,0,No hay manejo adecuado,1,1,1,0,0,0,0,0,1,1,0,0,0,0,1,6,40,1,1,1,1,1,1,1,0,1,1,0,1,0,0,1,0
320,43,42-55,F,Zongolica,Montane cloud forest,Tlacuitlapa Chico,"Milpa, cafetal","Regeneracion natural, siembra","Café, maiz ",Había más,1,1,1,1,1,1,1,1,1,1,1,1,No hay manejo adecuado,1,1,0,0,1,1,0,0,1,1,0,0,0,0,1,7,46.7,1,1,1,1,1,1,1,1,1,1,1,1,0,1,1,0
321,57,56-90,F,Zongolica,Montane cloud forest,Tlacuitlapa Chico,"Milpa, cafetal","Regeneracion natural, siembra","Café, maiz ",Había más,0,0,0,0,1,1,1,1,1,1,0,0,cambio climatico,1,1,0,0,1,1,0,0,1,1,0,0,0,0,1,7,46.7,1,1,1,1,1,1,1,1,1,1,0,1,0,1,1,0
322,37,31-41,M,Zongolica,Montane cloud forest,Tlacuitlapa Chico,"Milpa, cafetal","Regeneracion natural, siembra","Café, maiz ",Había más,0,0,0,0,1,1,1,1,1,1,0,0,No hay manejo adecuado,1,0,0,0,1,1,0,0,1,1,0,0,0,0,1,6,40,1,1,1,1,1,1,1,1,1,1,0,1,0,1,1,0
323,58,56-90,M,Zongolica,Montane cloud forest,Tlacuitlapa Chico,"Milpa, cafetal","Regeneracion natural, siembra","Café, maiz ",Había más,0,0,0,0,1,1,1,1,1,1,0,0,No hay manejo adecuado,1,1,1,1,1,1,0,0,1,1,0,1,0,0,1,10,66.7,1,1,1,1,1,1,1,1,1,1,1,1,0,1,1,0
324,40,31-41,M,Zongolica,Montane cloud forest,Tlacuitlapa Chico,"Milpa, cafetal","Regeneracion natural, siembra","Café, maiz ",Sigue igual,0,0,0,0,1,1,1,1,1,0,0,0,No hay manejo adecuado,1,1,1,0,1,0,0,0,1,1,0,0,0,0,1,7,46.7,1,1,1,1,1,1,1,1,1,1,1,1,0,1,1,0
325,50,42-55,F,Zongolica,Montane cloud forest,Tlacuitlapa Chico,"Milpa, cafetal","Regeneracion natural, siembra","Café, maiz ",Sigue igual,0,0,0,0,1,1,1,1,1,0,0,0,No hay manejo adecuado,1,1,1,0,1,1,0,0,1,1,0,0,0,0,0,7,46.7,1,1,1,1,1,1,0,0,1,1,0,1,0,1,1,0
326,60,56-90,F,Zongolica,Montane cloud forest,Tlacuitlapa Chico,"Milpa, cafetal","Regeneracion natural, siembra","Café, maiz ",Había más,0,0,0,0,0,1,1,1,1,0,0,0,No hay manejo adecuado,1,1,0,0,1,1,0,0,1,1,0,0,0,0,1,7,46.7,1,1,1,1,1,1,1,1,1,1,0,1,0,1,1,0
327,28,18-30,F,Zongolica,Montane cloud forest,Tlacuitlapa Chico,"Milpa, cafetal","Regeneracion natural, siembra","Café, maiz ",Había más,0,0,0,0,0,1,1,1,1,0,0,0,No hay manejo adecuado,1,1,1,0,1,1,0,0,1,1,0,0,0,0,1,8,53.3,1,1,1,1,1,1,0,0,1,1,1,1,0,1,1,0
328,54,42-55,F ,Zongolica,Montane cloud forest,Tlacuitlapa Chico,"Milpa, cafetal, almacigo","Regeneracion natural, siembra","Café, maiz ",Había más,0,0,0,0,1,1,1,1,1,0,0,0,cambio climatico,1,1,1,0,1,1,0,0,1,1,0,0,0,0,1,8,53.3,1,1,1,1,1,1,1,1,1,1,0,1,0,1,1,0
329,25,18-30,F,Zongolica,Montane cloud forest,Tlacuitlapa Chico,"Milpa, cafetal","Regeneracion natural, siembra","Café, maiz ",Había más,1,1,1,1,1,0,1,1,1,1,1,1,No hay manejo adecuado,1,1,0,0,0,1,0,0,1,1,0,0,0,0,1,6,40,1,1,1,1,1,1,0,1,1,1,0,1,0,1,1,0
330,46,42-55,F,Zongolica,Montane cloud forest,Tlacuitlapa Chico,"Milpa, cafetal, monte ","Regeneracion natural, siembra","Café, maiz ",Había más,0,0,0,0,0,1,1,1,1,1,1,1,No hay manejo adecuado,1,1,1,0,1,1,0,0,1,1,0,0,0,0,1,8,53.3,1,1,1,1,1,1,0,1,1,1,1,1,0,1,1,0
331,18,18-30,F,Zongolica,Montane cloud forest,Tlacuitlapa Chico,"Milpa, cafetal, almacigo","Regeneracion natural, siembra","Café, maiz ",Sigue igual,0,0,0,0,0,0,0,0,1,1,1,1,No hay manejo adecuado,1,1,1,0,1,1,0,0,1,1,0,1,0,0,1,9,60,1,1,1,1,1,1,0,1,1,1,0,0,0,1,1,0
332,44,42-55,F,Zongolica,Montane cloud forest,Tlacuitlapa Chico,"Milpa, cafetal, almacigo","Regeneracion natural, siembra","Café, maiz ",Había más,0,0,0,0,0,1,1,1,1,1,1,0,No hay manejo adecuado,1,0,1,0,1,1,0,0,1,1,0,0,0,0,1,7,46.7,1,1,1,1,1,1,1,1,1,1,0,1,0,1,1,0
333,55,42-55,F,Zongolica,Montane cloud forest,Tlacuitlapa Chico,"Milpa, cafetal","Regeneracion natural, siembra","Café, maiz ",Había más,0,0,0,0,1,1,1,1,1,1,0,0,No hay manejo adecuado,1,1,0,0,1,1,0,0,1,1,0,0,0,0,1,7,46.7,1,1,1,1,1,1,1,1,1,1,1,1,1,1,1,0
334,19,18-30,F,Zongolica,Montane cloud forest,Tlacuitlapa Chico,"Milpa, cafetal","Regeneracion natural, siembra","Café, maiz ",Había más,1,1,1,1,1,1,1,1,1,1,1,1,No hay manejo adecuado,1,0,0,0,1,0,0,0,0,0,0,0,0,0,1,3,20,1,1,1,0,1,1,0,1,1,0,0,0,0,0,1,0
335,89,56-90,F,Zongolica,Montane cloud forest,Tlacuitlapa Chico,"Milpa, cafetal","Regeneracion natural, siembra","Café, maiz ",Sigue igual,1,1,1,1,1,1,1,1,1,1,1,1,No hay manejo adecuado,1,1,1,0,1,1,0,0,1,1,0,0,0,0,1,8,53.3,1,1,1,1,1,1,1,1,1,1,1,1,0,1,1,0
336,48,42-55,F,Zongolica,Montane cloud forest,Tlacuitlapa Chico,"Milpa, cafetal","Regeneracion natural, siembra","Café, maiz ",Había más,1,1,1,1,1,1,1,1,1,1,1,1,No hay manejo adecuado,1,1,1,0,0,1,0,0,1,1,0,1,0,0,1,8,53.3,1,1,1,1,1,1,1,1,1,1,1,1,0,1,1,0
337,32,31-41,F,Zongolica,Montane cloud forest,Tlacuitlapa Chico,"Milpa, cafetal","Regeneracion natural, siembra","Café, maiz ",Sigue igual,0,0,0,0,1,1,1,1,1,0,0,0,No hay manejo adecuado,1,1,1,0,1,0,0,0,1,1,0,0,0,0,1,7,46.7,1,1,1,1,1,1,1,1,1,1,1,1,0,1,1,0
338,21,18-30,M,Zongolica,Montane cloud forest,Tlacuitlapa Chico,"Milpa, cafetal","Regeneracion natural, siembra","Café, maiz ",Había más,0,0,0,0,0,1,1,1,1,1,0,0,No hay manejo adecuado,1,1,0,0,1,0,0,0,1,1,0,0,0,0,0,5,33.3,1,1,1,0,1,1,0,1,1,1,0,1,0,1,1,0
339,28,18-30,M,Zongolica,Montane cloud forest,Tlacuitlapa Chico,"Milpa, cafetal","Regeneracion natural, siembra","Café, maiz ",Había más,1,1,1,1,1,1,1,1,1,1,1,1,No hay manejo adecuado,1,1,1,0,1,0,0,0,1,1,0,0,0,0,1,7,46.7,1,1,1,1,1,1,1,1,1,1,1,1,0,1,1,0
340,58,56-90,F,Zongolica,Montane cloud forest,Tlacuitlapa Chico,"Milpa, cafetal","Regeneracion natural, siembra","Café, maiz ",Había más,1,1,1,1,1,1,1,1,1,1,1,1,"Uso de agroquimicos, plagas ",1,0,1,0,1,1,0,0,1,1,0,0,0,0,1,7,46.7,1,1,1,1,1,1,1,1,1,1,1,1,1,1,1,0
341,65,56-90,M,Zongolica,Montane cloud forest,Tlacuitlapa Chico,"Milpa, cafetal","Regeneracion natural, siembra","Café, maiz ",Sigue igual,0,0,0,0,1,1,1,1,1,1,0,0,"plagas, no hay manejo, fertilizantes",1,0,1,0,1,0,0,0,1,1,0,0,0,0,1,6,40,1,1,1,1,1,1,0,1,1,1,1,1,0,1,1,0
342,24,18-30,F,Zongolica,Montane cloud forest,Tlacuitlapa Chico,"Milpa, cafetal","Regeneracion natural, siembra","Café, maiz ",Sigue igual,1,1,1,1,1,1,1,1,1,1,1,1,No hay manejo adecuado,1,1,1,0,0,1,0,0,1,1,0,0,0,0,0,6,40,1,1,1,1,1,1,1,1,1,1,0,1,0,1,1,0
343,28,18-30,F,Zongolica,Montane cloud forest,Tlacuitlapa Chico,"Milpa, cafetal","Regeneracion natural, siembra","Café, maiz ",Había más,1,1,1,1,1,1,1,1,1,1,1,1,No hay manejo adecuado,1,1,1,0,1,1,0,0,1,1,0,0,0,0,1,8,53.3,1,1,1,1,1,1,1,1,1,0,1,1,0,1,1,0
344,20,18-30,F,Zongolica,Montane cloud forest,Tlacuitlapa Chico,"Milpa, cafetal","Regeneracion natural, siembra","Café, maiz ",Sigue igual,1,1,1,1,1,1,1,1,1,1,1,1,No hay manejo adecuado,1,0,1,0,1,1,0,0,1,1,0,0,0,0,1,7,46.7,1,1,1,1,1,1,1,0,1,1,0,0,0,1,1,0
345,50,42-55,F,Zongolica,Montane cloud forest,Tlacuitlapa Chico,"Milpa, cafetal","Regeneracion natural, siembra","Café, maiz ",Sigue igual,0,0,0,0,1,1,1,1,1,0,0,0,No hay manejo adecuado,1,0,1,0,0,1,0,0,1,1,0,0,0,0,1,6,40,1,1,1,1,1,1,1,1,1,1,1,1,0,1,1,0
346,19,18-30,F,Zongolica,Montane cloud forest,Tlacuitlapa Chico,"Milpa, cafetal","Regeneracion natural, siembra","Café, maiz ",Sigue igual,1,1,1,1,1,1,1,1,1,1,1,1,No hay manejo adecuado,1,0,0,0,0,0,0,0,1,1,0,0,0,0,1,4,26.7,1,1,1,1,1,1,0,1,1,1,0,0,0,1,1,0
347,19,18-30,F,Zongolica,Montane cloud forest,Tlacuitlapa Chico,"Milpa, cafetal, almacigo","Regeneracion natural, siembra","Café, maiz ",Sigue igual,1,1,1,1,1,1,1,1,1,1,1,1,No hay manejo adecuado,1,0,0,0,0,0,0,0,1,1,0,0,0,0,1,4,26.7,1,1,1,0,1,1,0,0,1,1,0,1,0,0,1,0
348,20,18-30,F,Zongolica,Montane cloud forest,Tlacuitlapa Chico,"Milpa, cafetal","Regeneracion natural, siembra","Café, maiz ",Sigue igual,0,0,0,0,0,1,1,1,1,0,0,0,No hay manejo adecuado,1,0,1,0,0,0,0,0,1,1,0,0,0,0,1,5,33.3,1,1,1,0,1,1,0,1,1,1,0,1,0,1,1,0
349,63,56-90,M,Zongolica,Montane cloud forest,Tlacuitlapa Chico,"Milpa, cafetal","Regeneracion natural, siembra","Café, maiz ",Sigue igual,1,1,1,1,1,1,1,1,1,1,1,1,No hay manejo adecuado,1,0,1,0,0,1,0,0,1,1,0,0,0,0,1,6,40,1,1,1,1,1,1,1,1,1,1,1,1,0,1,1,0
350,18,18-30,F,Zongolica,Montane cloud forest,Tlacuitlapa Chico,"Milpa, cafetal","Regeneracion natural, siembra","Café, maiz ",Sigue igual,0,0,0,0,0,1,1,1,1,1,0,0,No hay manejo adecuado,1,1,1,1,0,1,0,0,1,1,0,0,0,0,1,8,53.3,1,1,1,0,1,1,0,1,1,1,0,1,0,1,1,0
351,19,18-30,F,Zongolica,Montane cloud forest,Tlacuitlapa Chico,"Milpa, cafetal","Regeneracion natural, siembra","Café, maiz ",Había más,1,1,1,1,1,1,1,1,1,1,1,1,No hay manejo adecuado,1,1,1,0,0,0,0,0,1,1,0,0,0,0,1,6,40,1,1,1,0,1,1,0,1,1,1,0,0,0,1,1,0
352,65,56-90,F,Zongolica,Montane cloud forest,Eptla,"Milpa, cafetal","Regeneracion natural, siembra","Café, maiz ",Había más,0,0,0,0,0,1,1,1,1,0,0,0,No hay manejo adecuado,1,1,1,0,1,1,0,0,1,1,0,1,0,0,1,9,60,1,1,1,1,1,1,1,1,1,1,1,1,0,1,1,0
353,67,56-90,M,Zongolica,Montane cloud forest,Tlacuitlapa Grande,"Milpa, cafetal","Regeneracion natural, siembra","Café, maiz ",Había más,0,0,0,0,1,1,1,1,1,0,0,1,No hay manejo adecuado,1,0,1,0,0,1,0,0,1,1,0,0,0,0,1,6,40,1,1,1,1,1,1,1,1,1,1,1,1,0,1,1,0
354,27,18-30,F,Zongolica,Montane cloud forest,Tlacuitlapa Grande,"Milpa, cafetal","Regeneracion natural, siembra","Café, maiz ",Sigue igual,0,0,0,0,1,1,1,1,1,0,0,0,No hay manejo adecuado,1,0,1,0,0,1,0,0,1,1,0,0,0,0,1,6,40,1,1,1,1,1,1,1,1,1,1,1,1,0,1,1,0
355,25,18-30,F,Zongolica,Montane cloud forest,Tlacuitlapa Grande,"Milpa, cafetal","Regeneracion natural, siembra","Café, maiz ",Había más,1,1,1,1,1,1,1,1,1,1,1,1,No hay manejo adecuado,1,1,1,0,1,1,0,0,1,1,0,0,0,0,1,8,53.3,1,1,1,1,1,1,1,1,1,1,1,1,0,1,1,0
356,20,18-30,F,Zongolica,Montane cloud forest,Tlacuitlapa Grande,"Milpa, cafetal","Regeneracion natural, siembra","Café, maiz ",Había más,1,0,0,0,0,1,1,1,1,1,0,1,No hay manejo adecuado,1,0,1,0,0,1,0,0,0,0,0,0,0,0,1,4,26.7,1,1,1,0,1,1,0,1,1,1,0,0,0,1,1,0
357,68,56-90,M,Zongolica,Montane cloud forest,Cuautilica,"Milpa, cafetal","Regeneracion natural, siembra","Café, maiz ",Sigue igual,0,0,0,0,1,1,1,1,1,0,0,0,No hay manejo adecuado,1,0,1,0,1,1,0,0,1,1,0,0,0,0,1,7,46.7,1,1,1,1,1,1,1,1,1,1,1,1,0,1,1,0
358,65,56-90,M,Zongolica,Montane cloud forest,Cuautilica,"Milpa, cafetal","Regeneracion natural, siembra","Café, maiz ",Sigue igual,0,0,0,0,0,1,1,1,1,0,0,0,No hay manejo adecuado,1,0,1,0,0,1,0,0,1,1,0,0,0,0,1,6,40,1,1,1,1,1,1,1,1,1,1,1,1,0,1,1,0
359,61,56-90,F,Zongolica,Montane cloud forest,Cuautilica,"Milpa, cafetal","Regeneracion natural, siembra","Café, maiz ",Había más,0,0,0,0,1,1,1,1,1,0,0,0,No hay manejo adecuado,1,0,1,0,1,0,0,0,1,1,0,1,0,0,1,7,46.7,1,1,1,1,1,1,1,1,1,1,1,1,1,1,1,0
360,31,31-41,F,Zongolica,Montane cloud forest,Cuautilica,"Milpa, cafetal","Regeneracion natural, siembra","Café, maiz ",Había más,0,0,0,0,1,1,1,1,1,1,1,1,No hay manejo adecuado,1,0,1,0,1,0,0,0,1,1,0,0,0,0,1,6,40,1,1,1,1,1,1,1,1,1,1,0,1,0,1,1,0
361,38,31-41,F,Zongolica,Montane cloud forest,Cuautilica,"Milpa, cafetal","Regeneracion natural, siembra","Café, maiz ",Había más,0,0,0,1,1,1,1,1,1,0,0,0,No hay manejo adecuado,1,0,1,0,0,0,0,0,1,1,0,0,0,0,1,5,33.3,1,1,1,0,1,1,0,1,1,1,0,1,0,1,1,0
362,53,42-55,F,Zongolica,Montane cloud forest,Cuautilica,"Milpa, cafetal","Regeneracion natural, siembra","Café, maiz ",Había más,0,0,0,0,0,0,1,1,1,1,1,1,No hay manejo adecuado,1,0,1,0,1,1,0,0,1,1,0,1,0,0,1,8,53.3,1,1,1,1,1,1,1,1,1,1,1,1,0,1,1,0
363,77,56-90,F,Zongolica,Montane cloud forest,Cuautilica,"Milpa, cafetal","Regeneracion natural, siembra","Café, maiz ",Había más,0,0,0,0,1,1,1,1,1,0,0,1,No hay manejo adecuado,1,0,1,0,1,1,0,0,1,1,0,1,0,0,1,8,53.3,1,1,1,1,1,1,1,1,1,1,1,1,0,1,1,0
364,21,18-30,M,Zongolica,Montane cloud forest,Coapa Pinopa ,"Milpa, cafetal","Regeneracion natural, siembra","Café, maiz ",Había más,0,0,0,0,1,1,1,1,1,1,0,0,No hay manejo adecuado,1,1,1,0,1,1,0,0,1,1,0,0,0,0,1,8,53.3,1,1,1,1,1,1,1,1,1,1,1,1,0,1,1,0
365,42,42-55,M,Zongolica,Montane cloud forest,Coapa Pinopa ,"Milpa, cafetal","Regeneracion natural, siembra","Café, maiz ",Había más,0,0,0,1,1,1,1,1,1,0,0,0,No hay manejo adecuado,1,0,1,0,0,1,0,0,1,1,0,0,0,0,1,6,40,1,1,1,1,1,1,1,1,1,1,1,1,0,1,1,0
366,38,31-41,M,Zongolica,Montane cloud forest,Coapa Pinopa ,"Milpa, cafetal","Regeneracion natural, siembra","Café, maiz ",Había más,0,0,0,0,0,1,1,1,1,1,1,1,No hay manejo adecuado,1,0,0,0,1,1,0,0,1,1,0,1,0,0,1,7,46.7,1,1,1,1,1,1,1,1,1,1,0,1,0,1,1,0
367,26,18-30,M,Zongolica,Montane cloud forest,Coapa Pinopa ,"Milpa, cafetal","Regeneracion natural, siembra","Café, maiz ",Había más,0,0,1,1,1,1,1,1,1,0,0,0,No hay manejo adecuado,0,1,1,0,1,1,0,0,1,1,0,0,0,0,1,7,46.7,1,1,1,1,1,1,0,1,1,1,1,1,0,1,1,0
368,73,56-90,M,Zongolica,Montane cloud forest,Coapa Pinopa ,"Milpa, cafetal","Regeneracion natural, siembra","Café, maiz ",Sigue igual,0,0,1,1,1,1,1,1,1,1,0,0,No hay manejo adecuado,1,1,1,0,1,1,0,0,1,1,0,0,0,0,1,8,53.3,1,1,1,1,1,1,1,1,1,1,1,1,0,1,1,0
369,44,42-55,M,Zongolica,Montane cloud forest,Coapa Pinopa ,"Milpa, cafetal","Regeneracion natural, siembra","Café, maiz ",Había más,0,0,0,0,0,1,1,1,1,1,1,1,No hay manejo adecuado,1,0,1,0,1,1,0,0,0,1,0,1,0,0,1,7,46.7,1,1,1,1,1,1,1,1,1,1,1,1,0,1,1,0
370,63,56-90,M,Zongolica,Montane cloud forest,Coapa Pinopa ,"Milpa, cafetal","Regeneracion natural, siembra","Café, maiz ",Había más,0,0,0,0,0,0,0,0,1,1,1,1,No hay manejo adecuado,0,1,1,0,1,1,0,0,1,1,0,0,0,0,1,7,46.7,1,1,1,1,1,1,1,1,1,1,1,1,0,1,1,0
371,21,18-30,M,Zongolica,Montane cloud forest,Coapa Pinopa ,"Milpa, cafetal","Regeneracion natural, siembra","Café, maiz ",Sigue igual,0,0,0,0,1,1,1,1,1,1,0,0,No hay manejo adecuado,1,1,0,0,1,1,0,0,1,1,0,0,0,0,1,7,46.7,1,1,1,1,1,1,0,1,1,1,0,1,0,1,1,0
372,20,18-30,F,Zongolica,Montane cloud forest,Coapa Pinopa ,"Milpa, cafetal","Regeneracion natural, siembra","Café, maiz ",Había más,0,0,0,0,0,1,1,1,1,1,1,0,No hay manejo adecuado,1,0,1,0,1,1,0,0,0,0,0,0,0,0,1,5,33.3,1,1,1,1,1,1,1,1,1,1,1,1,0,1,1,0
373,29,18-30,M,Zongolica,Montane cloud forest,Coapa Pinopa ,"Milpa, cafetal","Regeneracion natural, siembra","Café, maiz ",Había más,0,0,0,0,1,1,1,1,1,1,1,1,No hay manejo adecuado,1,1,1,0,1,0,0,0,1,1,0,0,0,0,1,7,46.7,1,1,1,1,1,1,1,1,1,1,1,1,0,1,1,0
374,48,42-55,F,Zongolica,Montane cloud forest,Coapa Pinopa ,"Milpa, cafetal","Regeneracion natural, siembra","Café, maiz ",Había más,0,0,0,0,0,1,1,1,1,1,0,0,No hay manejo adecuado,1,0,1,0,0,0,0,0,1,1,0,0,0,0,1,5,33.3,1,1,1,1,1,1,1,1,1,1,1,1,0,1,1,0
375,47,42-55,F,Zongolica,Montane cloud forest,Coapa Pinopa ,"Milpa, cafetal","Regeneracion natural, siembra","Café, maiz ",Sigue igual,0,0,0,0,0,1,1,1,1,1,1,1,No hay manejo adecuado,1,0,1,0,1,1,0,0,1,1,0,0,0,0,1,7,46.7,1,1,1,1,1,1,1,1,1,1,0,1,0,1,1,0
376,20,18-30,M,Zongolica,Montane cloud forest,Coapa Pinopa ,"Milpa, cafetal","Regeneracion natural, siembra","Café, maiz ",Había más,0,0,0,0,0,1,1,1,1,1,0,0,cambio climatico,1,1,1,0,0,1,0,0,1,1,0,1,0,0,1,8,53.3,1,1,1,1,1,1,0,1,1,1,1,1,0,1,1,0
377,22,18-30,M,Zongolica,Montane cloud forest,Coapa Pinopa ,"Milpa, cafetal","Regeneracion natural, siembra","Café, maiz ",Había más,0,0,0,0,1,1,1,1,1,0,0,0,cambio climatico,1,0,1,0,1,1,0,0,1,1,0,1,0,0,1,8,53.3,1,1,1,1,1,1,1,1,1,1,1,1,0,1,1,0
378,20,18-30,M,Zongolica,Montane cloud forest,Coapa Pinopa ,"Milpa, cafetal","Regeneracion natural, siembra","Café, maiz ",Sigue igual,0,0,0,0,1,1,1,1,1,1,1,0,cambio climatico,1,1,0,0,1,1,0,0,1,1,0,0,0,0,1,7,46.7,1,1,1,1,1,1,1,1,1,1,0,1,0,1,1,0
379,20,18-30,M,Zongolica,Montane cloud forest,Coapa Pinopa ,"Milpa, cafetal","Regeneracion natural, siembra","Café, maiz ",Había más,0,0,0,1,1,1,1,1,1,1,0,0,"plagas, no hay manejo, fertilizantes",1,0,1,0,1,0,0,0,1,1,0,0,0,0,1,6,40,1,1,1,1,1,1,0,1,1,1,1,1,0,1,1,0
380,32,31-41,M,Zongolica,Montane cloud forest,Coapa Pinopa ,"Milpa, cafetal","Regeneracion natural, siembra","Café, maiz ",Había más,0,0,0,0,1,1,1,1,1,1,1,1,"plagas, no hay manejo, fertilizantes",1,0,1,0,1,1,0,0,1,1,0,1,0,0,1,8,53.3,1,1,1,1,1,1,1,1,1,1,1,1,0,1,1,0
